school_year,grade,board_id,board_name,language,subject,percent_at_standard,published_value,fully_participating_students,suppression_code,source
2021-2022,3,15199,Moose Factory Island DSAB,en,Reading,19.0,19%,32.0,0,Grade-3-2021-2022-Achievement-Results.zip
2021-2022,3,15199,Moose Factory Island DSAB,en,Writing,19.0,19%,31.0,0,Grade-3-2021-2022-Achievement-Results.zip
2021-2022,3,15199,Moose Factory Island DSAB,en,Mathematics,19.0,19%,31.0,0,Grade-3-2021-2022-Achievement-Results.zip
2021-2022,3,15202,Moosonee DSAB,en,Reading,41.0,41%,17.0,0,Grade-3-2021-2022-Achievement-Results.zip
2021-2022,3,15202,Moosonee DSAB,en,Writing,12.0,12%,16.0,0,Grade-3-2021-2022-Achievement-Results.zip
2021-2022,3,15202,Moosonee DSAB,en,Mathematics,11.0,11%,18.0,0,Grade-3-2021-2022-Achievement-Results.zip
2021-2022,3,28002,DSB Ontario North East,en,Reading,50.0,50%,384.0,0,Grade-3-2021-2022-Achievement-Results.zip
2021-2022,3,28002,DSB Ontario North East,en,Writing,36.0,36%,382.0,0,Grade-3-2021-2022-Achievement-Results.zip
2021-2022,3,28002,DSB Ontario North East,en,Mathematics,30.0,30%,384.0,0,Grade-3-2021-2022-Achievement-Results.zip
2021-2022,3,28010,Algoma DSB,en,Reading,64.0,64%,549.0,0,Grade-3-2021-2022-Achievement-Results.zip
2021-2022,3,28010,Algoma DSB,en,Writing,51.0,51%,549.0,0,Grade-3-2021-2022-Achievement-Results.zip
2021-2022,3,28010,Algoma DSB,en,Mathematics,43.0,43%,633.0,0,Grade-3-2021-2022-Achievement-Results.zip
2021-2022,3,28029,Rainbow District School Board,en,Reading,72.0,72%,835.0,0,Grade-3-2021-2022-Achievement-Results.zip
2021-2022,3,28029,Rainbow District School Board,en,Writing,59.0,59%,833.0,0,Grade-3-2021-2022-Achievement-Results.zip
2021-2022,3,28029,Rainbow District School Board,en,Mathematics,54.0,54%,833.0,0,Grade-3-2021-2022-Achievement-Results.zip
2021-2022,3,28037,Near North DSB,en,Reading,62.0,62%,644.0,0,Grade-3-2021-2022-Achievement-Results.zip
2021-2022,3,28037,Near North DSB,en,Writing,45.0,45%,645.0,0,Grade-3-2021-2022-Achievement-Results.zip
2021-2022,3,28037,Near North DSB,en,Mathematics,42.0,42%,644.0,0,Grade-3-2021-2022-Achievement-Results.zip
2021-2022,3,28045,Keewatin-Patricia DSB,en,Reading,62.0,62%,249.0,0,Grade-3-2021-2022-Achievement-Results.zip
2021-2022,3,28045,Keewatin-Patricia DSB,en,Writing,50.0,50%,250.0,0,Grade-3-2021-2022-Achievement-Results.zip
2021-2022,3,28045,Keewatin-Patricia DSB,en,Mathematics,39.0,39%,249.0,0,Grade-3-2021-2022-Achievement-Results.zip
2021-2022,3,28053,Rainy River DSB,en,Reading,56.0,56%,158.0,0,Grade-3-2021-2022-Achievement-Results.zip
2021-2022,3,28053,Rainy River DSB,en,Writing,46.0,46%,158.0,0,Grade-3-2021-2022-Achievement-Results.zip
2021-2022,3,28053,Rainy River DSB,en,Mathematics,39.0,39%,157.0,0,Grade-3-2021-2022-Achievement-Results.zip
2021-2022,3,28061,Lakehead DSB,en,Reading,65.0,65%,571.0,0,Grade-3-2021-2022-Achievement-Results.zip
2021-2022,3,28061,Lakehead DSB,en,Writing,55.0,55%,570.0,0,Grade-3-2021-2022-Achievement-Results.zip
2021-2022,3,28061,Lakehead DSB,en,Mathematics,48.0,48%,569.0,0,Grade-3-2021-2022-Achievement-Results.zip
2021-2022,3,28070,Superior-Greenstone DSB,en,Reading,54.0,54%,48.0,0,Grade-3-2021-2022-Achievement-Results.zip
2021-2022,3,28070,Superior-Greenstone DSB,en,Writing,40.0,40%,48.0,0,Grade-3-2021-2022-Achievement-Results.zip
2021-2022,3,28070,Superior-Greenstone DSB,en,Mathematics,52.0,52%,48.0,0,Grade-3-2021-2022-Achievement-Results.zip
2021-2022,3,28100,Le C.S. public du Nord-Est de l'Ontario,fr,Reading,72.0,72%,166.0,0,Grade-3-2021-2022-Achievement-Results.zip
2021-2022,3,28100,Le C.S. public du Nord-Est de l'Ontario,fr,Writing,47.0,47%,165.0,0,Grade-3-2021-2022-Achievement-Results.zip
2021-2022,3,28100,Le C.S. public du Nord-Est de l'Ontario,fr,Mathematics,53.0,53%,166.0,0,Grade-3-2021-2022-Achievement-Results.zip
2021-2022,3,28118,Le C.S. public du Grand Nord de l'Ontario,fr,Reading,69.0,69%,191.0,0,Grade-3-2021-2022-Achievement-Results.zip
2021-2022,3,28118,Le C.S. public du Grand Nord de l'Ontario,fr,Writing,55.0,55%,191.0,0,Grade-3-2021-2022-Achievement-Results.zip
2021-2022,3,28118,Le C.S. public du Grand Nord de l'Ontario,fr,Mathematics,52.0,52%,191.0,0,Grade-3-2021-2022-Achievement-Results.zip
2021-2022,3,29009,Northeastern Catholic DSB,en,Reading,58.0,58%,186.0,0,Grade-3-2021-2022-Achievement-Results.zip
2021-2022,3,29009,Northeastern Catholic DSB,en,Writing,41.0,41%,185.0,0,Grade-3-2021-2022-Achievement-Results.zip
2021-2022,3,29009,Northeastern Catholic DSB,en,Mathematics,37.0,37%,186.0,0,Grade-3-2021-2022-Achievement-Results.zip
2021-2022,3,29017,Nipissing-Parry Sound Catholic DSB,en,Reading,72.0,72%,174.0,0,Grade-3-2021-2022-Achievement-Results.zip
2021-2022,3,29017,Nipissing-Parry Sound Catholic DSB,en,Writing,60.0,60%,174.0,0,Grade-3-2021-2022-Achievement-Results.zip
2021-2022,3,29017,Nipissing-Parry Sound Catholic DSB,en,Mathematics,49.0,49%,174.0,0,Grade-3-2021-2022-Achievement-Results.zip
2021-2022,3,29025,Huron-Superior Catholic DSB,en,Reading,67.0,67%,346.0,0,Grade-3-2021-2022-Achievement-Results.zip
2021-2022,3,29025,Huron-Superior Catholic DSB,en,Writing,59.0,59%,345.0,0,Grade-3-2021-2022-Achievement-Results.zip
2021-2022,3,29025,Huron-Superior Catholic DSB,en,Mathematics,49.0,49%,344.0,0,Grade-3-2021-2022-Achievement-Results.zip
2021-2022,3,29033,Sudbury Catholic DSB,en,Reading,55.0,55%,418.0,0,Grade-3-2021-2022-Achievement-Results.zip
2021-2022,3,29033,Sudbury Catholic DSB,en,Writing,49.0,49%,418.0,0,Grade-3-2021-2022-Achievement-Results.zip
2021-2022,3,29033,Sudbury Catholic DSB,en,Mathematics,32.0,32%,417.0,0,Grade-3-2021-2022-Achievement-Results.zip
2021-2022,3,29041,Northwest Catholic DSB,en,Reading,63.0,63%,127.0,0,Grade-3-2021-2022-Achievement-Results.zip
2021-2022,3,29041,Northwest Catholic DSB,en,Writing,42.0,42%,127.0,0,Grade-3-2021-2022-Achievement-Results.zip
2021-2022,3,29041,Northwest Catholic DSB,en,Mathematics,48.0,48%,127.0,0,Grade-3-2021-2022-Achievement-Results.zip
2021-2022,3,29050,Kenora Catholic DSB,en,Reading,75.0,75%,73.0,0,Grade-3-2021-2022-Achievement-Results.zip
2021-2022,3,29050,Kenora Catholic DSB,en,Writing,66.0,66%,73.0,0,Grade-3-2021-2022-Achievement-Results.zip
2021-2022,3,29050,Kenora Catholic DSB,en,Mathematics,56.0,56%,72.0,0,Grade-3-2021-2022-Achievement-Results.zip
2021-2022,3,29068,Thunder Bay Catholic DSB,en,Reading,73.0,73%,492.0,0,Grade-3-2021-2022-Achievement-Results.zip
2021-2022,3,29068,Thunder Bay Catholic DSB,en,Writing,62.0,62%,492.0,0,Grade-3-2021-2022-Achievement-Results.zip
2021-2022,3,29068,Thunder Bay Catholic DSB,en,Mathematics,52.0,52%,492.0,0,Grade-3-2021-2022-Achievement-Results.zip
2021-2022,3,29076,Superior North Catholic DSB,en,Reading,49.0,49%,59.0,0,Grade-3-2021-2022-Achievement-Results.zip
2021-2022,3,29076,Superior North Catholic DSB,en,Writing,29.0,29%,59.0,0,Grade-3-2021-2022-Achievement-Results.zip
2021-2022,3,29076,Superior North Catholic DSB,en,Mathematics,36.0,36%,58.0,0,Grade-3-2021-2022-Achievement-Results.zip
2021-2022,3,29106,Le C.S.C.D. des Grandes Rivières,fr,Reading,66.0,66%,376.0,0,Grade-3-2021-2022-Achievement-Results.zip
2021-2022,3,29106,Le C.S.C.D. des Grandes Rivières,fr,Writing,44.0,44%,376.0,0,Grade-3-2021-2022-Achievement-Results.zip
2021-2022,3,29106,Le C.S.C.D. des Grandes Rivières,fr,Mathematics,54.0,54%,375.0,0,Grade-3-2021-2022-Achievement-Results.zip
2021-2022,3,29114,Le C.S. catholique Franco-Nord,fr,Reading,56.0,56%,194.0,0,Grade-3-2021-2022-Achievement-Results.zip
2021-2022,3,29114,Le C.S. catholique Franco-Nord,fr,Writing,40.0,40%,194.0,0,Grade-3-2021-2022-Achievement-Results.zip
2021-2022,3,29114,Le C.S. catholique Franco-Nord,fr,Mathematics,46.0,46%,194.0,0,Grade-3-2021-2022-Achievement-Results.zip
2021-2022,3,29122,Le C.S.D.C. du Nouvel-Ontario,fr,Reading,67.0,67%,392.0,0,Grade-3-2021-2022-Achievement-Results.zip
2021-2022,3,29122,Le C.S.D.C. du Nouvel-Ontario,fr,Writing,48.0,48%,392.0,0,Grade-3-2021-2022-Achievement-Results.zip
2021-2022,3,29122,Le C.S.D.C. du Nouvel-Ontario,fr,Mathematics,57.0,57%,393.0,0,Grade-3-2021-2022-Achievement-Results.zip
2021-2022,3,29130,Le C.S.D.C. des Aurores boréales,fr,Reading,57.0,57%,56.0,0,Grade-3-2021-2022-Achievement-Results.zip
2021-2022,3,29130,Le C.S.D.C. des Aurores boréales,fr,Writing,45.0,45%,56.0,0,Grade-3-2021-2022-Achievement-Results.zip
2021-2022,3,29130,Le C.S.D.C. des Aurores boréales,fr,Mathematics,50.0,50%,56.0,0,Grade-3-2021-2022-Achievement-Results.zip
2021-2022,3,66001,Bluewater DSB,en,Reading,62.0,62%,1223.0,0,Grade-3-2021-2022-Achievement-Results.zip
2021-2022,3,66001,Bluewater DSB,en,Writing,51.0,51%,1221.0,0,Grade-3-2021-2022-Achievement-Results.zip
2021-2022,3,66001,Bluewater DSB,en,Mathematics,52.0,52%,1221.0,0,Grade-3-2021-2022-Achievement-Results.zip
2021-2022,3,66010,Avon Maitland DSB,en,Reading,75.0,75%,971.0,0,Grade-3-2021-2022-Achievement-Results.zip
2021-2022,3,66010,Avon Maitland DSB,en,Writing,63.0,63%,969.0,0,Grade-3-2021-2022-Achievement-Results.zip
2021-2022,3,66010,Avon Maitland DSB,en,Mathematics,61.0,61%,973.0,0,Grade-3-2021-2022-Achievement-Results.zip
2021-2022,3,66028,Greater Essex County DSB,en,Reading,67.0,67%,2152.0,0,Grade-3-2021-2022-Achievement-Results.zip
2021-2022,3,66028,Greater Essex County DSB,en,Writing,57.0,57%,2158.0,0,Grade-3-2021-2022-Achievement-Results.zip
2021-2022,3,66028,Greater Essex County DSB,en,Mathematics,52.0,52%,2153.0,0,Grade-3-2021-2022-Achievement-Results.zip
2021-2022,3,66036,Lambton Kent District School Board,en,Reading,60.0,60%,1333.0,0,Grade-3-2021-2022-Achievement-Results.zip
2021-2022,3,66036,Lambton Kent District School Board,en,Writing,51.0,51%,1333.0,0,Grade-3-2021-2022-Achievement-Results.zip
2021-2022,3,66036,Lambton Kent District School Board,en,Mathematics,50.0,50%,1333.0,0,Grade-3-2021-2022-Achievement-Results.zip
2021-2022,3,66044,Thames Valley District School Board,en,Reading,64.0,64%,4549.0,0,Grade-3-2021-2022-Achievement-Results.zip
2021-2022,3,66044,Thames Valley District School Board,en,Writing,54.0,54%,4552.0,0,Grade-3-2021-2022-Achievement-Results.zip
2021-2022,3,66044,Thames Valley District School Board,en,Mathematics,53.0,53%,5084.0,0,Grade-3-2021-2022-Achievement-Results.zip
2021-2022,3,66052,Toronto DSB,en,Reading,74.0,74%,11583.0,0,Grade-3-2021-2022-Achievement-Results.zip
2021-2022,3,66052,Toronto DSB,en,Writing,68.0,68%,11577.0,0,Grade-3-2021-2022-Achievement-Results.zip
2021-2022,3,66052,Toronto DSB,en,Mathematics,61.0,61%,13457.0,0,Grade-3-2021-2022-Achievement-Results.zip
2021-2022,3,66060,Durham DSB,en,Reading,76.0,76%,3550.0,0,Grade-3-2021-2022-Achievement-Results.zip
2021-2022,3,66060,Durham DSB,en,Writing,68.0,68%,3548.0,0,Grade-3-2021-2022-Achievement-Results.zip
2021-2022,3,66060,Durham DSB,en,Mathematics,64.0,64%,4265.0,0,Grade-3-2021-2022-Achievement-Results.zip
2021-2022,3,66079,Kawartha Pine Ridge DSB,en,Reading,72.0,72%,2389.0,0,Grade-3-2021-2022-Achievement-Results.zip
2021-2022,3,66079,Kawartha Pine Ridge DSB,en,Writing,62.0,62%,2389.0,0,Grade-3-2021-2022-Achievement-Results.zip
2021-2022,3,66079,Kawartha Pine Ridge DSB,en,Mathematics,56.0,56%,2388.0,0,Grade-3-2021-2022-Achievement-Results.zip
2021-2022,3,66087,Trillium Lakelands DSB,en,Reading,70.0,70%,908.0,0,Grade-3-2021-2022-Achievement-Results.zip
2021-2022,3,66087,Trillium Lakelands DSB,en,Writing,57.0,57%,906.0,0,Grade-3-2021-2022-Achievement-Results.zip
2021-2022,3,66087,Trillium Lakelands DSB,en,Mathematics,56.0,56%,1070.0,0,Grade-3-2021-2022-Achievement-Results.zip
2021-2022,3,66095,York Region DSB,en,Reading,79.0,79%,6266.0,0,Grade-3-2021-2022-Achievement-Results.zip
2021-2022,3,66095,York Region DSB,en,Writing,73.0,73%,6265.0,0,Grade-3-2021-2022-Achievement-Results.zip
2021-2022,3,66095,York Region DSB,en,Mathematics,71.0,71%,7707.0,0,Grade-3-2021-2022-Achievement-Results.zip
2021-2022,3,66109,Simcoe County DSB,en,Reading,71.0,71%,3123.0,0,Grade-3-2021-2022-Achievement-Results.zip
2021-2022,3,66109,Simcoe County DSB,en,Writing,60.0,60%,3122.0,0,Grade-3-2021-2022-Achievement-Results.zip
2021-2022,3,66109,Simcoe County DSB,en,Mathematics,60.0,60%,3476.0,0,Grade-3-2021-2022-Achievement-Results.zip
2021-2022,3,66117,Upper Grand DSB,en,Reading,73.0,73%,2182.0,0,Grade-3-2021-2022-Achievement-Results.zip
2021-2022,3,66117,Upper Grand DSB,en,Writing,64.0,64%,2178.0,0,Grade-3-2021-2022-Achievement-Results.zip
2021-2022,3,66117,Upper Grand DSB,en,Mathematics,56.0,56%,2181.0,0,Grade-3-2021-2022-Achievement-Results.zip
2021-2022,3,66125,Peel District School Board,en,Reading,72.0,72%,8517.0,0,Grade-3-2021-2022-Achievement-Results.zip
2021-2022,3,66125,Peel District School Board,en,Writing,64.0,64%,8526.0,0,Grade-3-2021-2022-Achievement-Results.zip
2021-2022,3,66125,Peel District School Board,en,Mathematics,57.0,57%,8534.0,0,Grade-3-2021-2022-Achievement-Results.zip
2021-2022,3,66133,Halton DSB,en,Reading,82.0,82%,4016.0,0,Grade-3-2021-2022-Achievement-Results.zip
2021-2022,3,66133,Halton DSB,en,Writing,74.0,74%,4013.0,0,Grade-3-2021-2022-Achievement-Results.zip
2021-2022,3,66133,Halton DSB,en,Mathematics,68.0,68%,4016.0,0,Grade-3-2021-2022-Achievement-Results.zip
2021-2022,3,66141,Hamilton-Wentworth DSB,en,Reading,66.0,66%,3206.0,0,Grade-3-2021-2022-Achievement-Results.zip
2021-2022,3,66141,Hamilton-Wentworth DSB,en,Writing,55.0,55%,3201.0,0,Grade-3-2021-2022-Achievement-Results.zip
2021-2022,3,66141,Hamilton-Wentworth DSB,en,Mathematics,44.0,44%,3204.0,0,Grade-3-2021-2022-Achievement-Results.zip
2021-2022,3,66150,DSB of Niagara,en,Reading,82.0,82%,2505.0,0,Grade-3-2021-2022-Achievement-Results.zip
2021-2022,3,66150,DSB of Niagara,en,Writing,75.0,75%,2499.0,0,Grade-3-2021-2022-Achievement-Results.zip
2021-2022,3,66150,DSB of Niagara,en,Mathematics,70.0,70%,2502.0,0,Grade-3-2021-2022-Achievement-Results.zip
2021-2022,3,66168,Grand Erie DSB,en,Reading,62.0,62%,1705.0,0,Grade-3-2021-2022-Achievement-Results.zip
2021-2022,3,66168,Grand Erie DSB,en,Writing,52.0,52%,1705.0,0,Grade-3-2021-2022-Achievement-Results.zip
2021-2022,3,66168,Grand Erie DSB,en,Mathematics,48.0,48%,1707.0,0,Grade-3-2021-2022-Achievement-Results.zip
2021-2022,3,66176,Waterloo Region DSB,en,Reading,72.0,72%,3856.0,0,Grade-3-2021-2022-Achievement-Results.zip
2021-2022,3,66176,Waterloo Region DSB,en,Writing,63.0,63%,3853.0,0,Grade-3-2021-2022-Achievement-Results.zip
2021-2022,3,66176,Waterloo Region DSB,en,Mathematics,58.0,58%,3854.0,0,Grade-3-2021-2022-Achievement-Results.zip
2021-2022,3,66184,Ottawa-Carleton DSB,en,Reading,74.0,74%,4470.0,0,Grade-3-2021-2022-Achievement-Results.zip
2021-2022,3,66184,Ottawa-Carleton DSB,en,Writing,66.0,66%,4470.0,0,Grade-3-2021-2022-Achievement-Results.zip
2021-2022,3,66184,Ottawa-Carleton DSB,en,Mathematics,61.0,61%,4476.0,0,Grade-3-2021-2022-Achievement-Results.zip
2021-2022,3,66192,Upper Canada DSB,en,Reading,65.0,65%,1711.0,0,Grade-3-2021-2022-Achievement-Results.zip
2021-2022,3,66192,Upper Canada DSB,en,Writing,53.0,53%,1709.0,0,Grade-3-2021-2022-Achievement-Results.zip
2021-2022,3,66192,Upper Canada DSB,en,Mathematics,45.0,45%,1710.0,0,Grade-3-2021-2022-Achievement-Results.zip
2021-2022,3,66206,Limestone DSB,en,Reading,68.0,68%,1199.0,0,Grade-3-2021-2022-Achievement-Results.zip
2021-2022,3,66206,Limestone DSB,en,Writing,55.0,55%,1200.0,0,Grade-3-2021-2022-Achievement-Results.zip
2021-2022,3,66206,Limestone DSB,en,Mathematics,49.0,49%,1204.0,0,Grade-3-2021-2022-Achievement-Results.zip
2021-2022,3,66214,Renfrew County DSB,en,Reading,70.0,70%,568.0,0,Grade-3-2021-2022-Achievement-Results.zip
2021-2022,3,66214,Renfrew County DSB,en,Writing,57.0,57%,569.0,0,Grade-3-2021-2022-Achievement-Results.zip
2021-2022,3,66214,Renfrew County DSB,en,Mathematics,51.0,51%,569.0,0,Grade-3-2021-2022-Achievement-Results.zip
2021-2022,3,66222,Hastings and Prince Edward DSB,en,Reading,69.0,69%,1011.0,0,Grade-3-2021-2022-Achievement-Results.zip
2021-2022,3,66222,Hastings and Prince Edward DSB,en,Writing,61.0,61%,1011.0,0,Grade-3-2021-2022-Achievement-Results.zip
2021-2022,3,66222,Hastings and Prince Edward DSB,en,Mathematics,56.0,56%,1012.0,0,Grade-3-2021-2022-Achievement-Results.zip
2021-2022,3,66303,Conseil scolaire Viamonde,fr,Reading,87.0,87%,1011.0,0,Grade-3-2021-2022-Achievement-Results.zip
2021-2022,3,66303,Conseil scolaire Viamonde,fr,Writing,73.0,73%,1011.0,0,Grade-3-2021-2022-Achievement-Results.zip
2021-2022,3,66303,Conseil scolaire Viamonde,fr,Mathematics,73.0,73%,1009.0,0,Grade-3-2021-2022-Achievement-Results.zip
2021-2022,3,66311,Le C.É. publiques de l'Est de l'Ontario,fr,Reading,85.0,85%,1247.0,0,Grade-3-2021-2022-Achievement-Results.zip
2021-2022,3,66311,Le C.É. publiques de l'Est de l'Ontario,fr,Writing,72.0,72%,1248.0,0,Grade-3-2021-2022-Achievement-Results.zip
2021-2022,3,66311,Le C.É. publiques de l'Est de l'Ontario,fr,Mathematics,70.0,70%,1247.0,0,Grade-3-2021-2022-Achievement-Results.zip
2021-2022,3,67008,Bruce-Grey Catholic DSB,en,Reading,76.0,76%,287.0,0,Grade-3-2021-2022-Achievement-Results.zip
2021-2022,3,67008,Bruce-Grey Catholic DSB,en,Writing,56.0,56%,287.0,0,Grade-3-2021-2022-Achievement-Results.zip
2021-2022,3,67008,Bruce-Grey Catholic DSB,en,Mathematics,52.0,52%,287.0,0,Grade-3-2021-2022-Achievement-Results.zip
2021-2022,3,67016,Huron-Perth Catholic DSB,en,Reading,82.0,82%,294.0,0,Grade-3-2021-2022-Achievement-Results.zip
2021-2022,3,67016,Huron-Perth Catholic DSB,en,Writing,71.0,71%,295.0,0,Grade-3-2021-2022-Achievement-Results.zip
2021-2022,3,67016,Huron-Perth Catholic DSB,en,Mathematics,69.0,69%,294.0,0,Grade-3-2021-2022-Achievement-Results.zip
2021-2022,3,67024,Windsor-Essex Catholic DSB,en,Reading,78.0,78%,1213.0,0,Grade-3-2021-2022-Achievement-Results.zip
2021-2022,3,67024,Windsor-Essex Catholic DSB,en,Writing,75.0,75%,1215.0,0,Grade-3-2021-2022-Achievement-Results.zip
2021-2022,3,67024,Windsor-Essex Catholic DSB,en,Mathematics,64.0,64%,1214.0,0,Grade-3-2021-2022-Achievement-Results.zip
2021-2022,3,67032,London District Catholic School Board,en,Reading,69.0,69%,1424.0,0,Grade-3-2021-2022-Achievement-Results.zip
2021-2022,3,67032,London District Catholic School Board,en,Writing,60.0,60%,1424.0,0,Grade-3-2021-2022-Achievement-Results.zip
2021-2022,3,67032,London District Catholic School Board,en,Mathematics,59.0,59%,1425.0,0,Grade-3-2021-2022-Achievement-Results.zip
2021-2022,3,67040,St. Clair Catholic District School Board,en,Reading,71.0,71%,607.0,0,Grade-3-2021-2022-Achievement-Results.zip
2021-2022,3,67040,St. Clair Catholic District School Board,en,Writing,61.0,61%,605.0,0,Grade-3-2021-2022-Achievement-Results.zip
2021-2022,3,67040,St. Clair Catholic District School Board,en,Mathematics,53.0,53%,607.0,0,Grade-3-2021-2022-Achievement-Results.zip
2021-2022,3,67059,Toronto Catholic District School Board,en,Reading,75.0,75%,4536.0,0,Grade-3-2021-2022-Achievement-Results.zip
2021-2022,3,67059,Toronto Catholic District School Board,en,Writing,70.0,70%,4539.0,0,Grade-3-2021-2022-Achievement-Results.zip
2021-2022,3,67059,Toronto Catholic District School Board,en,Mathematics,58.0,58%,4889.0,0,Grade-3-2021-2022-Achievement-Results.zip
2021-2022,3,67067,Peterborough Victoria Northumberland and Clarington CDSB,en,Reading,71.0,71%,966.0,0,Grade-3-2021-2022-Achievement-Results.zip
2021-2022,3,67067,Peterborough Victoria Northumberland and Clarington CDSB,en,Writing,65.0,65%,963.0,0,Grade-3-2021-2022-Achievement-Results.zip
2021-2022,3,67067,Peterborough Victoria Northumberland and Clarington CDSB,en,Mathematics,57.0,57%,965.0,0,Grade-3-2021-2022-Achievement-Results.zip
2021-2022,3,67075,York Catholic DSB,en,Reading,82.0,82%,2579.0,0,Grade-3-2021-2022-Achievement-Results.zip
2021-2022,3,67075,York Catholic DSB,en,Writing,78.0,78%,2580.0,0,Grade-3-2021-2022-Achievement-Results.zip
2021-2022,3,67075,York Catholic DSB,en,Mathematics,68.0,68%,2947.0,0,Grade-3-2021-2022-Achievement-Results.zip
2021-2022,3,67083,Dufferin-Peel Catholic DSB,en,Reading,79.0,79%,3760.0,0,Grade-3-2021-2022-Achievement-Results.zip
2021-2022,3,67083,Dufferin-Peel Catholic DSB,en,Writing,72.0,72%,3758.0,0,Grade-3-2021-2022-Achievement-Results.zip
2021-2022,3,67083,Dufferin-Peel Catholic DSB,en,Mathematics,59.0,59%,3760.0,0,Grade-3-2021-2022-Achievement-Results.zip
2021-2022,3,67091,Simcoe Muskoka Catholic DSB,en,Reading,66.0,66%,1427.0,0,Grade-3-2021-2022-Achievement-Results.zip
2021-2022,3,67091,Simcoe Muskoka Catholic DSB,en,Writing,59.0,59%,1424.0,0,Grade-3-2021-2022-Achievement-Results.zip
2021-2022,3,67091,Simcoe Muskoka Catholic DSB,en,Mathematics,52.0,52%,1427.0,0,Grade-3-2021-2022-Achievement-Results.zip
2021-2022,3,67105,Durham Catholic DSB,en,Reading,76.0,76%,1023.0,0,Grade-3-2021-2022-Achievement-Results.zip
2021-2022,3,67105,Durham Catholic DSB,en,Writing,70.0,70%,1025.0,0,Grade-3-2021-2022-Achievement-Results.zip
2021-2022,3,67105,Durham Catholic DSB,en,Mathematics,57.0,57%,1352.0,0,Grade-3-2021-2022-Achievement-Results.zip
2021-2022,3,67113,Halton Catholic DSB,en,Reading,79.0,79%,2193.0,0,Grade-3-2021-2022-Achievement-Results.zip
2021-2022,3,67113,Halton Catholic DSB,en,Writing,71.0,71%,2194.0,0,Grade-3-2021-2022-Achievement-Results.zip
2021-2022,3,67113,Halton Catholic DSB,en,Mathematics,69.0,69%,2192.0,0,Grade-3-2021-2022-Achievement-Results.zip
2021-2022,3,67121,Hamilton-Wentworth Catholic DSB,en,Reading,81.0,81%,1761.0,0,Grade-3-2021-2022-Achievement-Results.zip
2021-2022,3,67121,Hamilton-Wentworth Catholic DSB,en,Writing,73.0,73%,1762.0,0,Grade-3-2021-2022-Achievement-Results.zip
2021-2022,3,67121,Hamilton-Wentworth Catholic DSB,en,Mathematics,62.0,62%,1763.0,0,Grade-3-2021-2022-Achievement-Results.zip
2021-2022,3,67130,Wellington Catholic DSB,en,Reading,76.0,76%,541.0,0,Grade-3-2021-2022-Achievement-Results.zip
2021-2022,3,67130,Wellington Catholic DSB,en,Writing,63.0,63%,540.0,0,Grade-3-2021-2022-Achievement-Results.zip
2021-2022,3,67130,Wellington Catholic DSB,en,Mathematics,66.0,66%,545.0,0,Grade-3-2021-2022-Achievement-Results.zip
2021-2022,3,67148,Waterloo Catholic DSB,en,Reading,77.0,77%,1548.0,0,Grade-3-2021-2022-Achievement-Results.zip
2021-2022,3,67148,Waterloo Catholic DSB,en,Writing,71.0,71%,1546.0,0,Grade-3-2021-2022-Achievement-Results.zip
2021-2022,3,67148,Waterloo Catholic DSB,en,Mathematics,64.0,64%,1547.0,0,Grade-3-2021-2022-Achievement-Results.zip
2021-2022,3,67156,Niagara Catholic DSB,en,Reading,75.0,75%,1199.0,0,Grade-3-2021-2022-Achievement-Results.zip
2021-2022,3,67156,Niagara Catholic DSB,en,Writing,70.0,70%,1201.0,0,Grade-3-2021-2022-Achievement-Results.zip
2021-2022,3,67156,Niagara Catholic DSB,en,Mathematics,59.0,59%,1283.0,0,Grade-3-2021-2022-Achievement-Results.zip
2021-2022,3,67164,Brant Haldimand Norfolk Catholic DSB,en,Reading,69.0,69%,719.0,0,Grade-3-2021-2022-Achievement-Results.zip
2021-2022,3,67164,Brant Haldimand Norfolk Catholic DSB,en,Writing,60.0,60%,719.0,0,Grade-3-2021-2022-Achievement-Results.zip
2021-2022,3,67164,Brant Haldimand Norfolk Catholic DSB,en,Mathematics,53.0,53%,719.0,0,Grade-3-2021-2022-Achievement-Results.zip
2021-2022,3,67172,Catholic DSB of Eastern Ontario,en,Reading,74.0,74%,881.0,0,Grade-3-2021-2022-Achievement-Results.zip
2021-2022,3,67172,Catholic DSB of Eastern Ontario,en,Writing,66.0,66%,880.0,0,Grade-3-2021-2022-Achievement-Results.zip
2021-2022,3,67172,Catholic DSB of Eastern Ontario,en,Mathematics,55.0,55%,880.0,0,Grade-3-2021-2022-Achievement-Results.zip
2021-2022,3,67180,Ottawa Catholic District School Board,en,Reading,83.0,83%,2756.0,0,Grade-3-2021-2022-Achievement-Results.zip
2021-2022,3,67180,Ottawa Catholic District School Board,en,Writing,75.0,75%,2753.0,0,Grade-3-2021-2022-Achievement-Results.zip
2021-2022,3,67180,Ottawa Catholic District School Board,en,Mathematics,68.0,68%,2758.0,0,Grade-3-2021-2022-Achievement-Results.zip
2021-2022,3,67199,Renfrew County Catholic DSB,en,Reading,84.0,84%,373.0,0,Grade-3-2021-2022-Achievement-Results.zip
2021-2022,3,67199,Renfrew County Catholic DSB,en,Writing,78.0,78%,373.0,0,Grade-3-2021-2022-Achievement-Results.zip
2021-2022,3,67199,Renfrew County Catholic DSB,en,Mathematics,73.0,73%,372.0,0,Grade-3-2021-2022-Achievement-Results.zip
2021-2022,3,67202,Algonquin and Lakeshore Catholic DSB,en,Reading,65.0,65%,724.0,0,Grade-3-2021-2022-Achievement-Results.zip
2021-2022,3,67202,Algonquin and Lakeshore Catholic DSB,en,Writing,54.0,54%,725.0,0,Grade-3-2021-2022-Achievement-Results.zip
2021-2022,3,67202,Algonquin and Lakeshore Catholic DSB,en,Mathematics,49.0,49%,726.0,0,Grade-3-2021-2022-Achievement-Results.zip
2021-2022,3,67300,Conseil scolaire catholique Providence,fr,Reading,78.0,78%,717.0,0,Grade-3-2021-2022-Achievement-Results.zip
2021-2022,3,67300,Conseil scolaire catholique Providence,fr,Writing,63.0,63%,717.0,0,Grade-3-2021-2022-Achievement-Results.zip
2021-2022,3,67300,Conseil scolaire catholique Providence,fr,Mathematics,66.0,66%,719.0,0,Grade-3-2021-2022-Achievement-Results.zip
2021-2022,3,67318,Le Conseil scolaire catholique MonAvenir,fr,Reading,84.0,84%,1203.0,0,Grade-3-2021-2022-Achievement-Results.zip
2021-2022,3,67318,Le Conseil scolaire catholique MonAvenir,fr,Writing,71.0,71%,1202.0,0,Grade-3-2021-2022-Achievement-Results.zip
2021-2022,3,67318,Le Conseil scolaire catholique MonAvenir,fr,Mathematics,70.0,70%,1202.0,0,Grade-3-2021-2022-Achievement-Results.zip
2021-2022,3,67326,Le C.S.D.C. de l'Est ontarien,fr,Reading,78.0,78%,718.0,0,Grade-3-2021-2022-Achievement-Results.zip
2021-2022,3,67326,Le C.S.D.C. de l'Est ontarien,fr,Writing,63.0,63%,716.0,0,Grade-3-2021-2022-Achievement-Results.zip
2021-2022,3,67326,Le C.S.D.C. de l'Est ontarien,fr,Mathematics,62.0,62%,721.0,0,Grade-3-2021-2022-Achievement-Results.zip
2021-2022,3,67334,Conseil des écoles catholiques du Centre-Est (CECCE),fr,Reading,86.0,86%,1867.0,0,Grade-3-2021-2022-Achievement-Results.zip
2021-2022,3,67334,Conseil des écoles catholiques du Centre-Est (CECCE),fr,Writing,76.0,76%,1867.0,0,Grade-3-2021-2022-Achievement-Results.zip
2021-2022,3,67334,Conseil des écoles catholiques du Centre-Est (CECCE),fr,Mathematics,72.0,72%,1865.0,0,Grade-3-2021-2022-Achievement-Results.zip
2021-2022,3,76686,Provincial Schools,en,Reading,,N/R,,1,Grade-3-2021-2022-Achievement-Results.zip
2021-2022,3,76686,Provincial Schools,en,Writing,,N/R,,1,Grade-3-2021-2022-Achievement-Results.zip
2021-2022,3,76686,Provincial Schools,en,Mathematics,,N/R,,1,Grade-3-2021-2022-Achievement-Results.zip
2021-2022,3,79910,Penetanguishene Protestant SSB,en,Reading,84.0,84%,31.0,0,Grade-3-2021-2022-Achievement-Results.zip
2021-2022,3,79910,Penetanguishene Protestant SSB,en,Writing,71.0,71%,31.0,0,Grade-3-2021-2022-Achievement-Results.zip
2021-2022,3,79910,Penetanguishene Protestant SSB,en,Mathematics,81.0,81%,31.0,0,Grade-3-2021-2022-Achievement-Results.zip
2021-2022,3,80509,Consortium Centre Jules-Léger,fr,Reading,,S. R.,,1,Grade-3-2021-2022-Achievement-Results.zip
2021-2022,3,80509,Consortium Centre Jules-Léger,fr,Writing,,S. R.,,1,Grade-3-2021-2022-Achievement-Results.zip
2021-2022,3,80509,Consortium Centre Jules-Léger,fr,Mathematics,,S. R.,,1,Grade-3-2021-2022-Achievement-Results.zip
2022-2023,3,15199,Moose Factory Island DSAB,en,Reading,13.0,13%,31.0,0,Grade-3-2022-2023-Achievement-Results.zip
2022-2023,3,15199,Moose Factory Island DSAB,en,Writing,3.0,3%,30.0,0,Grade-3-2022-2023-Achievement-Results.zip
2022-2023,3,15199,Moose Factory Island DSAB,en,Mathematics,0.0,0%,29.0,0,Grade-3-2022-2023-Achievement-Results.zip
2022-2023,3,15202,Moosonee DSAB,en,Reading,38.0,38%,24.0,0,Grade-3-2022-2023-Achievement-Results.zip
2022-2023,3,15202,Moosonee DSAB,en,Writing,58.0,58%,24.0,0,Grade-3-2022-2023-Achievement-Results.zip
2022-2023,3,15202,Moosonee DSAB,en,Mathematics,21.0,21%,24.0,0,Grade-3-2022-2023-Achievement-Results.zip
2022-2023,3,28002,DSB Ontario North East,en,Reading,50.0,50%,274.0,0,Grade-3-2022-2023-Achievement-Results.zip
2022-2023,3,28002,DSB Ontario North East,en,Writing,37.0,37%,272.0,0,Grade-3-2022-2023-Achievement-Results.zip
2022-2023,3,28002,DSB Ontario North East,en,Mathematics,33.0,33%,421.0,0,Grade-3-2022-2023-Achievement-Results.zip
2022-2023,3,28010,Algoma DSB,en,Reading,62.0,62%,596.0,0,Grade-3-2022-2023-Achievement-Results.zip
2022-2023,3,28010,Algoma DSB,en,Writing,50.0,50%,596.0,0,Grade-3-2022-2023-Achievement-Results.zip
2022-2023,3,28010,Algoma DSB,en,Mathematics,46.0,46%,690.0,0,Grade-3-2022-2023-Achievement-Results.zip
2022-2023,3,28029,Rainbow District School Board,en,Reading,72.0,72%,908.0,0,Grade-3-2022-2023-Achievement-Results.zip
2022-2023,3,28029,Rainbow District School Board,en,Writing,62.0,62%,908.0,0,Grade-3-2022-2023-Achievement-Results.zip
2022-2023,3,28029,Rainbow District School Board,en,Mathematics,54.0,54%,906.0,0,Grade-3-2022-2023-Achievement-Results.zip
2022-2023,3,28037,Near North DSB,en,Reading,59.0,59%,671.0,0,Grade-3-2022-2023-Achievement-Results.zip
2022-2023,3,28037,Near North DSB,en,Writing,46.0,46%,671.0,0,Grade-3-2022-2023-Achievement-Results.zip
2022-2023,3,28037,Near North DSB,en,Mathematics,42.0,42%,670.0,0,Grade-3-2022-2023-Achievement-Results.zip
2022-2023,3,28045,Keewatin-Patricia DSB,en,Reading,58.0,58%,247.0,0,Grade-3-2022-2023-Achievement-Results.zip
2022-2023,3,28045,Keewatin-Patricia DSB,en,Writing,56.0,56%,243.0,0,Grade-3-2022-2023-Achievement-Results.zip
2022-2023,3,28045,Keewatin-Patricia DSB,en,Mathematics,48.0,48%,242.0,0,Grade-3-2022-2023-Achievement-Results.zip
2022-2023,3,28053,Rainy River DSB,en,Reading,65.0,65%,144.0,0,Grade-3-2022-2023-Achievement-Results.zip
2022-2023,3,28053,Rainy River DSB,en,Writing,55.0,55%,144.0,0,Grade-3-2022-2023-Achievement-Results.zip
2022-2023,3,28053,Rainy River DSB,en,Mathematics,54.0,54%,144.0,0,Grade-3-2022-2023-Achievement-Results.zip
2022-2023,3,28061,Lakehead DSB,en,Reading,74.0,74%,588.0,0,Grade-3-2022-2023-Achievement-Results.zip
2022-2023,3,28061,Lakehead DSB,en,Writing,68.0,68%,586.0,0,Grade-3-2022-2023-Achievement-Results.zip
2022-2023,3,28061,Lakehead DSB,en,Mathematics,58.0,58%,587.0,0,Grade-3-2022-2023-Achievement-Results.zip
2022-2023,3,28070,Superior-Greenstone DSB,en,Reading,49.0,49%,70.0,0,Grade-3-2022-2023-Achievement-Results.zip
2022-2023,3,28070,Superior-Greenstone DSB,en,Writing,33.0,33%,70.0,0,Grade-3-2022-2023-Achievement-Results.zip
2022-2023,3,28070,Superior-Greenstone DSB,en,Mathematics,36.0,36%,69.0,0,Grade-3-2022-2023-Achievement-Results.zip
2022-2023,3,28100,Le C.S. public du Nord-Est de l'Ontario,fr,Reading,72.0,72%,176.0,0,Grade-3-2022-2023-Achievement-Results.zip
2022-2023,3,28100,Le C.S. public du Nord-Est de l'Ontario,fr,Writing,49.0,49%,174.0,0,Grade-3-2022-2023-Achievement-Results.zip
2022-2023,3,28100,Le C.S. public du Nord-Est de l'Ontario,fr,Mathematics,68.0,68%,175.0,0,Grade-3-2022-2023-Achievement-Results.zip
2022-2023,3,28118,Le C.S. public du Grand Nord de l'Ontario,fr,Reading,72.0,72%,185.0,0,Grade-3-2022-2023-Achievement-Results.zip
2022-2023,3,28118,Le C.S. public du Grand Nord de l'Ontario,fr,Writing,53.0,53%,185.0,0,Grade-3-2022-2023-Achievement-Results.zip
2022-2023,3,28118,Le C.S. public du Grand Nord de l'Ontario,fr,Mathematics,59.0,59%,185.0,0,Grade-3-2022-2023-Achievement-Results.zip
2022-2023,3,29009,Northeastern Catholic DSB,en,Reading,54.0,54%,209.0,0,Grade-3-2022-2023-Achievement-Results.zip
2022-2023,3,29009,Northeastern Catholic DSB,en,Writing,42.0,42%,209.0,0,Grade-3-2022-2023-Achievement-Results.zip
2022-2023,3,29009,Northeastern Catholic DSB,en,Mathematics,41.0,41%,209.0,0,Grade-3-2022-2023-Achievement-Results.zip
2022-2023,3,29017,Nipissing-Parry Sound Catholic DSB,en,Reading,68.0,68%,193.0,0,Grade-3-2022-2023-Achievement-Results.zip
2022-2023,3,29017,Nipissing-Parry Sound Catholic DSB,en,Writing,57.0,57%,192.0,0,Grade-3-2022-2023-Achievement-Results.zip
2022-2023,3,29017,Nipissing-Parry Sound Catholic DSB,en,Mathematics,44.0,44%,192.0,0,Grade-3-2022-2023-Achievement-Results.zip
2022-2023,3,29025,Huron-Superior Catholic DSB,en,Reading,61.0,61%,370.0,0,Grade-3-2022-2023-Achievement-Results.zip
2022-2023,3,29025,Huron-Superior Catholic DSB,en,Writing,54.0,54%,369.0,0,Grade-3-2022-2023-Achievement-Results.zip
2022-2023,3,29025,Huron-Superior Catholic DSB,en,Mathematics,44.0,44%,369.0,0,Grade-3-2022-2023-Achievement-Results.zip
2022-2023,3,29033,Sudbury Catholic DSB,en,Reading,67.0,67%,408.0,0,Grade-3-2022-2023-Achievement-Results.zip
2022-2023,3,29033,Sudbury Catholic DSB,en,Writing,54.0,54%,408.0,0,Grade-3-2022-2023-Achievement-Results.zip
2022-2023,3,29033,Sudbury Catholic DSB,en,Mathematics,36.0,36%,408.0,0,Grade-3-2022-2023-Achievement-Results.zip
2022-2023,3,29041,Northwest Catholic DSB,en,Reading,72.0,72%,105.0,0,Grade-3-2022-2023-Achievement-Results.zip
2022-2023,3,29041,Northwest Catholic DSB,en,Writing,63.0,63%,105.0,0,Grade-3-2022-2023-Achievement-Results.zip
2022-2023,3,29041,Northwest Catholic DSB,en,Mathematics,56.0,56%,105.0,0,Grade-3-2022-2023-Achievement-Results.zip
2022-2023,3,29050,Kenora Catholic DSB,en,Reading,83.0,83%,71.0,0,Grade-3-2022-2023-Achievement-Results.zip
2022-2023,3,29050,Kenora Catholic DSB,en,Writing,82.0,82%,71.0,0,Grade-3-2022-2023-Achievement-Results.zip
2022-2023,3,29050,Kenora Catholic DSB,en,Mathematics,72.0,72%,71.0,0,Grade-3-2022-2023-Achievement-Results.zip
2022-2023,3,29068,Thunder Bay Catholic DSB,en,Reading,73.0,73%,474.0,0,Grade-3-2022-2023-Achievement-Results.zip
2022-2023,3,29068,Thunder Bay Catholic DSB,en,Writing,63.0,63%,474.0,0,Grade-3-2022-2023-Achievement-Results.zip
2022-2023,3,29068,Thunder Bay Catholic DSB,en,Mathematics,55.0,55%,474.0,0,Grade-3-2022-2023-Achievement-Results.zip
2022-2023,3,29076,Superior North Catholic DSB,en,Reading,58.0,58%,59.0,0,Grade-3-2022-2023-Achievement-Results.zip
2022-2023,3,29076,Superior North Catholic DSB,en,Writing,49.0,49%,59.0,0,Grade-3-2022-2023-Achievement-Results.zip
2022-2023,3,29076,Superior North Catholic DSB,en,Mathematics,44.0,44%,59.0,0,Grade-3-2022-2023-Achievement-Results.zip
2022-2023,3,29106,Le C.S.C.D. des Grandes Rivières,fr,Reading,69.0,69%,378.0,0,Grade-3-2022-2023-Achievement-Results.zip
2022-2023,3,29106,Le C.S.C.D. des Grandes Rivières,fr,Writing,48.0,48%,378.0,0,Grade-3-2022-2023-Achievement-Results.zip
2022-2023,3,29106,Le C.S.C.D. des Grandes Rivières,fr,Mathematics,57.0,57%,378.0,0,Grade-3-2022-2023-Achievement-Results.zip
2022-2023,3,29114,Le C.S. catholique Franco-Nord,fr,Reading,72.0,72%,158.0,0,Grade-3-2022-2023-Achievement-Results.zip
2022-2023,3,29114,Le C.S. catholique Franco-Nord,fr,Writing,56.0,56%,158.0,0,Grade-3-2022-2023-Achievement-Results.zip
2022-2023,3,29114,Le C.S. catholique Franco-Nord,fr,Mathematics,67.0,67%,158.0,0,Grade-3-2022-2023-Achievement-Results.zip
2022-2023,3,29122,Conseil scolaire catholique Nouvelon,fr,Reading,66.0,66%,446.0,0,Grade-3-2022-2023-Achievement-Results.zip
2022-2023,3,29122,Conseil scolaire catholique Nouvelon,fr,Writing,46.0,46%,446.0,0,Grade-3-2022-2023-Achievement-Results.zip
2022-2023,3,29122,Conseil scolaire catholique Nouvelon,fr,Mathematics,55.0,55%,447.0,0,Grade-3-2022-2023-Achievement-Results.zip
2022-2023,3,29130,Le C.S.D.C. des Aurores boréales,fr,Reading,67.0,67%,66.0,0,Grade-3-2022-2023-Achievement-Results.zip
2022-2023,3,29130,Le C.S.D.C. des Aurores boréales,fr,Writing,42.0,42%,66.0,0,Grade-3-2022-2023-Achievement-Results.zip
2022-2023,3,29130,Le C.S.D.C. des Aurores boréales,fr,Mathematics,55.0,55%,66.0,0,Grade-3-2022-2023-Achievement-Results.zip
2022-2023,3,66001,Bluewater DSB,en,Reading,62.0,62%,1307.0,0,Grade-3-2022-2023-Achievement-Results.zip
2022-2023,3,66001,Bluewater DSB,en,Writing,50.0,50%,1306.0,0,Grade-3-2022-2023-Achievement-Results.zip
2022-2023,3,66001,Bluewater DSB,en,Mathematics,48.0,48%,1307.0,0,Grade-3-2022-2023-Achievement-Results.zip
2022-2023,3,66010,Avon Maitland DSB,en,Reading,71.0,71%,1051.0,0,Grade-3-2022-2023-Achievement-Results.zip
2022-2023,3,66010,Avon Maitland DSB,en,Writing,63.0,63%,1048.0,0,Grade-3-2022-2023-Achievement-Results.zip
2022-2023,3,66010,Avon Maitland DSB,en,Mathematics,62.0,62%,1048.0,0,Grade-3-2022-2023-Achievement-Results.zip
2022-2023,3,66028,Greater Essex County DSB,en,Reading,74.0,74%,2104.0,0,Grade-3-2022-2023-Achievement-Results.zip
2022-2023,3,66028,Greater Essex County DSB,en,Writing,67.0,67%,2100.0,0,Grade-3-2022-2023-Achievement-Results.zip
2022-2023,3,66028,Greater Essex County DSB,en,Mathematics,60.0,60%,2103.0,0,Grade-3-2022-2023-Achievement-Results.zip
2022-2023,3,66036,Lambton Kent District School Board,en,Reading,65.0,65%,1441.0,0,Grade-3-2022-2023-Achievement-Results.zip
2022-2023,3,66036,Lambton Kent District School Board,en,Writing,55.0,55%,1441.0,0,Grade-3-2022-2023-Achievement-Results.zip
2022-2023,3,66036,Lambton Kent District School Board,en,Mathematics,53.0,53%,1441.0,0,Grade-3-2022-2023-Achievement-Results.zip
2022-2023,3,66044,Thames Valley District School Board,en,Reading,66.0,66%,4945.0,0,Grade-3-2022-2023-Achievement-Results.zip
2022-2023,3,66044,Thames Valley District School Board,en,Writing,57.0,57%,4940.0,0,Grade-3-2022-2023-Achievement-Results.zip
2022-2023,3,66044,Thames Valley District School Board,en,Mathematics,55.0,55%,5454.0,0,Grade-3-2022-2023-Achievement-Results.zip
2022-2023,3,66052,Toronto DSB,en,Reading,72.0,72%,12849.0,0,Grade-3-2022-2023-Achievement-Results.zip
2022-2023,3,66052,Toronto DSB,en,Writing,67.0,67%,12836.0,0,Grade-3-2022-2023-Achievement-Results.zip
2022-2023,3,66052,Toronto DSB,en,Mathematics,60.0,60%,14714.0,0,Grade-3-2022-2023-Achievement-Results.zip
2022-2023,3,66060,Durham DSB,en,Reading,75.0,75%,4253.0,0,Grade-3-2022-2023-Achievement-Results.zip
2022-2023,3,66060,Durham DSB,en,Writing,67.0,67%,4251.0,0,Grade-3-2022-2023-Achievement-Results.zip
2022-2023,3,66060,Durham DSB,en,Mathematics,63.0,63%,5075.0,0,Grade-3-2022-2023-Achievement-Results.zip
2022-2023,3,66079,Kawartha Pine Ridge DSB,en,Reading,70.0,70%,2513.0,0,Grade-3-2022-2023-Achievement-Results.zip
2022-2023,3,66079,Kawartha Pine Ridge DSB,en,Writing,61.0,61%,2511.0,0,Grade-3-2022-2023-Achievement-Results.zip
2022-2023,3,66079,Kawartha Pine Ridge DSB,en,Mathematics,54.0,54%,2510.0,0,Grade-3-2022-2023-Achievement-Results.zip
2022-2023,3,66087,Trillium Lakelands DSB,en,Reading,75.0,75%,944.0,0,Grade-3-2022-2023-Achievement-Results.zip
2022-2023,3,66087,Trillium Lakelands DSB,en,Writing,68.0,68%,944.0,0,Grade-3-2022-2023-Achievement-Results.zip
2022-2023,3,66087,Trillium Lakelands DSB,en,Mathematics,65.0,65%,1089.0,0,Grade-3-2022-2023-Achievement-Results.zip
2022-2023,3,66095,York Region DSB,en,Reading,77.0,77%,6658.0,0,Grade-3-2022-2023-Achievement-Results.zip
2022-2023,3,66095,York Region DSB,en,Writing,73.0,73%,6659.0,0,Grade-3-2022-2023-Achievement-Results.zip
2022-2023,3,66095,York Region DSB,en,Mathematics,71.0,71%,8132.0,0,Grade-3-2022-2023-Achievement-Results.zip
2022-2023,3,66109,Simcoe County DSB,en,Reading,68.0,68%,3513.0,0,Grade-3-2022-2023-Achievement-Results.zip
2022-2023,3,66109,Simcoe County DSB,en,Writing,60.0,60%,3509.0,0,Grade-3-2022-2023-Achievement-Results.zip
2022-2023,3,66109,Simcoe County DSB,en,Mathematics,59.0,59%,3904.0,0,Grade-3-2022-2023-Achievement-Results.zip
2022-2023,3,66117,Upper Grand DSB,en,Reading,70.0,70%,2313.0,0,Grade-3-2022-2023-Achievement-Results.zip
2022-2023,3,66117,Upper Grand DSB,en,Writing,63.0,63%,2309.0,0,Grade-3-2022-2023-Achievement-Results.zip
2022-2023,3,66117,Upper Grand DSB,en,Mathematics,57.0,57%,2310.0,0,Grade-3-2022-2023-Achievement-Results.zip
2022-2023,3,66125,Peel District School Board,en,Reading,72.0,72%,9241.0,0,Grade-3-2022-2023-Achievement-Results.zip
2022-2023,3,66125,Peel District School Board,en,Writing,66.0,66%,9226.0,0,Grade-3-2022-2023-Achievement-Results.zip
2022-2023,3,66125,Peel District School Board,en,Mathematics,60.0,60%,9243.0,0,Grade-3-2022-2023-Achievement-Results.zip
2022-2023,3,66133,Halton DSB,en,Reading,81.0,81%,4286.0,0,Grade-3-2022-2023-Achievement-Results.zip
2022-2023,3,66133,Halton DSB,en,Writing,74.0,74%,4286.0,0,Grade-3-2022-2023-Achievement-Results.zip
2022-2023,3,66133,Halton DSB,en,Mathematics,69.0,69%,4292.0,0,Grade-3-2022-2023-Achievement-Results.zip
2022-2023,3,66141,Hamilton-Wentworth DSB,en,Reading,62.0,62%,3421.0,0,Grade-3-2022-2023-Achievement-Results.zip
2022-2023,3,66141,Hamilton-Wentworth DSB,en,Writing,53.0,53%,3414.0,0,Grade-3-2022-2023-Achievement-Results.zip
2022-2023,3,66141,Hamilton-Wentworth DSB,en,Mathematics,42.0,42%,3425.0,0,Grade-3-2022-2023-Achievement-Results.zip
2022-2023,3,66150,DSB of Niagara,en,Reading,85.0,85%,2663.0,0,Grade-3-2022-2023-Achievement-Results.zip
2022-2023,3,66150,DSB of Niagara,en,Writing,78.0,78%,2659.0,0,Grade-3-2022-2023-Achievement-Results.zip
2022-2023,3,66150,DSB of Niagara,en,Mathematics,73.0,73%,2663.0,0,Grade-3-2022-2023-Achievement-Results.zip
2022-2023,3,66168,Grand Erie DSB,en,Reading,63.0,63%,1803.0,0,Grade-3-2022-2023-Achievement-Results.zip
2022-2023,3,66168,Grand Erie DSB,en,Writing,52.0,52%,1801.0,0,Grade-3-2022-2023-Achievement-Results.zip
2022-2023,3,66168,Grand Erie DSB,en,Mathematics,50.0,50%,1806.0,0,Grade-3-2022-2023-Achievement-Results.zip
2022-2023,3,66176,Waterloo Region DSB,en,Reading,73.0,73%,4134.0,0,Grade-3-2022-2023-Achievement-Results.zip
2022-2023,3,66176,Waterloo Region DSB,en,Writing,65.0,65%,4129.0,0,Grade-3-2022-2023-Achievement-Results.zip
2022-2023,3,66176,Waterloo Region DSB,en,Mathematics,59.0,59%,4137.0,0,Grade-3-2022-2023-Achievement-Results.zip
2022-2023,3,66184,Ottawa-Carleton DSB,en,Reading,72.0,72%,4801.0,0,Grade-3-2022-2023-Achievement-Results.zip
2022-2023,3,66184,Ottawa-Carleton DSB,en,Writing,64.0,64%,4797.0,0,Grade-3-2022-2023-Achievement-Results.zip
2022-2023,3,66184,Ottawa-Carleton DSB,en,Mathematics,61.0,61%,4808.0,0,Grade-3-2022-2023-Achievement-Results.zip
2022-2023,3,66192,Upper Canada DSB,en,Reading,63.0,63%,1757.0,0,Grade-3-2022-2023-Achievement-Results.zip
2022-2023,3,66192,Upper Canada DSB,en,Writing,53.0,53%,1755.0,0,Grade-3-2022-2023-Achievement-Results.zip
2022-2023,3,66192,Upper Canada DSB,en,Mathematics,46.0,46%,1758.0,0,Grade-3-2022-2023-Achievement-Results.zip
2022-2023,3,66206,Limestone DSB,en,Reading,59.0,59%,1261.0,0,Grade-3-2022-2023-Achievement-Results.zip
2022-2023,3,66206,Limestone DSB,en,Writing,47.0,47%,1257.0,0,Grade-3-2022-2023-Achievement-Results.zip
2022-2023,3,66206,Limestone DSB,en,Mathematics,43.0,43%,1256.0,0,Grade-3-2022-2023-Achievement-Results.zip
2022-2023,3,66214,Renfrew County DSB,en,Reading,72.0,72%,602.0,0,Grade-3-2022-2023-Achievement-Results.zip
2022-2023,3,66214,Renfrew County DSB,en,Writing,63.0,63%,601.0,0,Grade-3-2022-2023-Achievement-Results.zip
2022-2023,3,66214,Renfrew County DSB,en,Mathematics,55.0,55%,601.0,0,Grade-3-2022-2023-Achievement-Results.zip
2022-2023,3,66222,Hastings and Prince Edward DSB,en,Reading,68.0,68%,950.0,0,Grade-3-2022-2023-Achievement-Results.zip
2022-2023,3,66222,Hastings and Prince Edward DSB,en,Writing,60.0,60%,950.0,0,Grade-3-2022-2023-Achievement-Results.zip
2022-2023,3,66222,Hastings and Prince Edward DSB,en,Mathematics,55.0,55%,950.0,0,Grade-3-2022-2023-Achievement-Results.zip
2022-2023,3,66303,Conseil scolaire Viamonde,fr,Reading,88.0,88%,1144.0,0,Grade-3-2022-2023-Achievement-Results.zip
2022-2023,3,66303,Conseil scolaire Viamonde,fr,Writing,76.0,76%,1143.0,0,Grade-3-2022-2023-Achievement-Results.zip
2022-2023,3,66303,Conseil scolaire Viamonde,fr,Mathematics,77.0,77%,1145.0,0,Grade-3-2022-2023-Achievement-Results.zip
2022-2023,3,66311,Conseil des écoles publiques de l'Est de l'Ontario,fr,Reading,85.0,85%,1336.0,0,Grade-3-2022-2023-Achievement-Results.zip
2022-2023,3,66311,Conseil des écoles publiques de l'Est de l'Ontario,fr,Writing,74.0,74%,1336.0,0,Grade-3-2022-2023-Achievement-Results.zip
2022-2023,3,66311,Conseil des écoles publiques de l'Est de l'Ontario,fr,Mathematics,74.0,74%,1337.0,0,Grade-3-2022-2023-Achievement-Results.zip
2022-2023,3,67008,Bruce-Grey Catholic DSB,en,Reading,69.0,69%,354.0,0,Grade-3-2022-2023-Achievement-Results.zip
2022-2023,3,67008,Bruce-Grey Catholic DSB,en,Writing,56.0,56%,354.0,0,Grade-3-2022-2023-Achievement-Results.zip
2022-2023,3,67008,Bruce-Grey Catholic DSB,en,Mathematics,53.0,53%,354.0,0,Grade-3-2022-2023-Achievement-Results.zip
2022-2023,3,67016,Huron-Perth Catholic DSB,en,Reading,81.0,81%,322.0,0,Grade-3-2022-2023-Achievement-Results.zip
2022-2023,3,67016,Huron-Perth Catholic DSB,en,Writing,74.0,74%,322.0,0,Grade-3-2022-2023-Achievement-Results.zip
2022-2023,3,67016,Huron-Perth Catholic DSB,en,Mathematics,66.0,66%,320.0,0,Grade-3-2022-2023-Achievement-Results.zip
2022-2023,3,67024,Windsor-Essex Catholic DSB,en,Reading,82.0,82%,1295.0,0,Grade-3-2022-2023-Achievement-Results.zip
2022-2023,3,67024,Windsor-Essex Catholic DSB,en,Writing,77.0,77%,1295.0,0,Grade-3-2022-2023-Achievement-Results.zip
2022-2023,3,67024,Windsor-Essex Catholic DSB,en,Mathematics,68.0,68%,1297.0,0,Grade-3-2022-2023-Achievement-Results.zip
2022-2023,3,67032,London District Catholic School Board,en,Reading,71.0,71%,1575.0,0,Grade-3-2022-2023-Achievement-Results.zip
2022-2023,3,67032,London District Catholic School Board,en,Writing,63.0,63%,1571.0,0,Grade-3-2022-2023-Achievement-Results.zip
2022-2023,3,67032,London District Catholic School Board,en,Mathematics,59.0,59%,1577.0,0,Grade-3-2022-2023-Achievement-Results.zip
2022-2023,3,67040,St. Clair Catholic District School Board,en,Reading,72.0,72%,555.0,0,Grade-3-2022-2023-Achievement-Results.zip
2022-2023,3,67040,St. Clair Catholic District School Board,en,Writing,63.0,63%,555.0,0,Grade-3-2022-2023-Achievement-Results.zip
2022-2023,3,67040,St. Clair Catholic District School Board,en,Mathematics,59.0,59%,555.0,0,Grade-3-2022-2023-Achievement-Results.zip
2022-2023,3,67059,Toronto Catholic District School Board,en,Reading,75.0,75%,4927.0,0,Grade-3-2022-2023-Achievement-Results.zip
2022-2023,3,67059,Toronto Catholic District School Board,en,Writing,71.0,71%,4920.0,0,Grade-3-2022-2023-Achievement-Results.zip
2022-2023,3,67059,Toronto Catholic District School Board,en,Mathematics,59.0,59%,5290.0,0,Grade-3-2022-2023-Achievement-Results.zip
2022-2023,3,67067,Peterborough Victoria Northumberland and Clarington CDSB,en,Reading,71.0,71%,1015.0,0,Grade-3-2022-2023-Achievement-Results.zip
2022-2023,3,67067,Peterborough Victoria Northumberland and Clarington CDSB,en,Writing,64.0,64%,1015.0,0,Grade-3-2022-2023-Achievement-Results.zip
2022-2023,3,67067,Peterborough Victoria Northumberland and Clarington CDSB,en,Mathematics,50.0,50%,1016.0,0,Grade-3-2022-2023-Achievement-Results.zip
2022-2023,3,67075,York Catholic DSB,en,Reading,82.0,82%,2423.0,0,Grade-3-2022-2023-Achievement-Results.zip
2022-2023,3,67075,York Catholic DSB,en,Writing,79.0,79%,2422.0,0,Grade-3-2022-2023-Achievement-Results.zip
2022-2023,3,67075,York Catholic DSB,en,Mathematics,70.0,70%,2792.0,0,Grade-3-2022-2023-Achievement-Results.zip
2022-2023,3,67083,Dufferin-Peel Catholic DSB,en,Reading,77.0,77%,3963.0,0,Grade-3-2022-2023-Achievement-Results.zip
2022-2023,3,67083,Dufferin-Peel Catholic DSB,en,Writing,70.0,70%,3960.0,0,Grade-3-2022-2023-Achievement-Results.zip
2022-2023,3,67083,Dufferin-Peel Catholic DSB,en,Mathematics,60.0,60%,3956.0,0,Grade-3-2022-2023-Achievement-Results.zip
2022-2023,3,67091,Simcoe Muskoka Catholic DSB,en,Reading,66.0,66%,1530.0,0,Grade-3-2022-2023-Achievement-Results.zip
2022-2023,3,67091,Simcoe Muskoka Catholic DSB,en,Writing,62.0,62%,1528.0,0,Grade-3-2022-2023-Achievement-Results.zip
2022-2023,3,67091,Simcoe Muskoka Catholic DSB,en,Mathematics,52.0,52%,1534.0,0,Grade-3-2022-2023-Achievement-Results.zip
2022-2023,3,67105,Durham Catholic DSB,en,Reading,72.0,72%,1171.0,0,Grade-3-2022-2023-Achievement-Results.zip
2022-2023,3,67105,Durham Catholic DSB,en,Writing,65.0,65%,1170.0,0,Grade-3-2022-2023-Achievement-Results.zip
2022-2023,3,67105,Durham Catholic DSB,en,Mathematics,59.0,59%,1496.0,0,Grade-3-2022-2023-Achievement-Results.zip
2022-2023,3,67113,Halton Catholic DSB,en,Reading,80.0,80%,2217.0,0,Grade-3-2022-2023-Achievement-Results.zip
2022-2023,3,67113,Halton Catholic DSB,en,Writing,75.0,75%,2214.0,0,Grade-3-2022-2023-Achievement-Results.zip
2022-2023,3,67113,Halton Catholic DSB,en,Mathematics,71.0,71%,2216.0,0,Grade-3-2022-2023-Achievement-Results.zip
2022-2023,3,67121,Hamilton-Wentworth Catholic DSB,en,Reading,78.0,78%,1811.0,0,Grade-3-2022-2023-Achievement-Results.zip
2022-2023,3,67121,Hamilton-Wentworth Catholic DSB,en,Writing,73.0,73%,1811.0,0,Grade-3-2022-2023-Achievement-Results.zip
2022-2023,3,67121,Hamilton-Wentworth Catholic DSB,en,Mathematics,64.0,64%,1814.0,0,Grade-3-2022-2023-Achievement-Results.zip
2022-2023,3,67130,Wellington Catholic DSB,en,Reading,75.0,75%,621.0,0,Grade-3-2022-2023-Achievement-Results.zip
2022-2023,3,67130,Wellington Catholic DSB,en,Writing,67.0,67%,621.0,0,Grade-3-2022-2023-Achievement-Results.zip
2022-2023,3,67130,Wellington Catholic DSB,en,Mathematics,63.0,63%,621.0,0,Grade-3-2022-2023-Achievement-Results.zip
2022-2023,3,67148,Waterloo Catholic DSB,en,Reading,75.0,75%,1704.0,0,Grade-3-2022-2023-Achievement-Results.zip
2022-2023,3,67148,Waterloo Catholic DSB,en,Writing,66.0,66%,1703.0,0,Grade-3-2022-2023-Achievement-Results.zip
2022-2023,3,67148,Waterloo Catholic DSB,en,Mathematics,62.0,62%,1706.0,0,Grade-3-2022-2023-Achievement-Results.zip
2022-2023,3,67156,Niagara Catholic DSB,en,Reading,81.0,81%,1278.0,0,Grade-3-2022-2023-Achievement-Results.zip
2022-2023,3,67156,Niagara Catholic DSB,en,Writing,73.0,73%,1278.0,0,Grade-3-2022-2023-Achievement-Results.zip
2022-2023,3,67156,Niagara Catholic DSB,en,Mathematics,66.0,66%,1369.0,0,Grade-3-2022-2023-Achievement-Results.zip
2022-2023,3,67164,Brant Haldimand Norfolk Catholic DSB,en,Reading,74.0,74%,763.0,0,Grade-3-2022-2023-Achievement-Results.zip
2022-2023,3,67164,Brant Haldimand Norfolk Catholic DSB,en,Writing,65.0,65%,763.0,0,Grade-3-2022-2023-Achievement-Results.zip
2022-2023,3,67164,Brant Haldimand Norfolk Catholic DSB,en,Mathematics,57.0,57%,762.0,0,Grade-3-2022-2023-Achievement-Results.zip
2022-2023,3,67172,Catholic DSB of Eastern Ontario,en,Reading,70.0,70%,887.0,0,Grade-3-2022-2023-Achievement-Results.zip
2022-2023,3,67172,Catholic DSB of Eastern Ontario,en,Writing,63.0,63%,887.0,0,Grade-3-2022-2023-Achievement-Results.zip
2022-2023,3,67172,Catholic DSB of Eastern Ontario,en,Mathematics,54.0,54%,887.0,0,Grade-3-2022-2023-Achievement-Results.zip
2022-2023,3,67180,Ottawa Catholic District School Board,en,Reading,82.0,82%,2824.0,0,Grade-3-2022-2023-Achievement-Results.zip
2022-2023,3,67180,Ottawa Catholic District School Board,en,Writing,76.0,76%,2819.0,0,Grade-3-2022-2023-Achievement-Results.zip
2022-2023,3,67180,Ottawa Catholic District School Board,en,Mathematics,69.0,69%,2827.0,0,Grade-3-2022-2023-Achievement-Results.zip
2022-2023,3,67199,Renfrew County Catholic DSB,en,Reading,84.0,84%,379.0,0,Grade-3-2022-2023-Achievement-Results.zip
2022-2023,3,67199,Renfrew County Catholic DSB,en,Writing,77.0,77%,378.0,0,Grade-3-2022-2023-Achievement-Results.zip
2022-2023,3,67199,Renfrew County Catholic DSB,en,Mathematics,75.0,75%,378.0,0,Grade-3-2022-2023-Achievement-Results.zip
2022-2023,3,67202,Algonquin and Lakeshore Catholic DSB,en,Reading,70.0,70%,773.0,0,Grade-3-2022-2023-Achievement-Results.zip
2022-2023,3,67202,Algonquin and Lakeshore Catholic DSB,en,Writing,58.0,58%,773.0,0,Grade-3-2022-2023-Achievement-Results.zip
2022-2023,3,67202,Algonquin and Lakeshore Catholic DSB,en,Mathematics,52.0,52%,773.0,0,Grade-3-2022-2023-Achievement-Results.zip
2022-2023,3,67300,Conseil scolaire catholique Providence,fr,Reading,71.0,71%,760.0,0,Grade-3-2022-2023-Achievement-Results.zip
2022-2023,3,67300,Conseil scolaire catholique Providence,fr,Writing,58.0,58%,760.0,0,Grade-3-2022-2023-Achievement-Results.zip
2022-2023,3,67300,Conseil scolaire catholique Providence,fr,Mathematics,64.0,64%,761.0,0,Grade-3-2022-2023-Achievement-Results.zip
2022-2023,3,67318,Le Conseil scolaire catholique MonAvenir,fr,Reading,85.0,85%,1166.0,0,Grade-3-2022-2023-Achievement-Results.zip
2022-2023,3,67318,Le Conseil scolaire catholique MonAvenir,fr,Writing,74.0,74%,1166.0,0,Grade-3-2022-2023-Achievement-Results.zip
2022-2023,3,67318,Le Conseil scolaire catholique MonAvenir,fr,Mathematics,72.0,72%,1169.0,0,Grade-3-2022-2023-Achievement-Results.zip
2022-2023,3,67326,Le C.S.D.C. de l'Est ontarien,fr,Reading,83.0,83%,776.0,0,Grade-3-2022-2023-Achievement-Results.zip
2022-2023,3,67326,Le C.S.D.C. de l'Est ontarien,fr,Writing,63.0,63%,776.0,0,Grade-3-2022-2023-Achievement-Results.zip
2022-2023,3,67326,Le C.S.D.C. de l'Est ontarien,fr,Mathematics,70.0,70%,779.0,0,Grade-3-2022-2023-Achievement-Results.zip
2022-2023,3,67334,Conseil des écoles catholiques du Centre-Est (CECCE),fr,Reading,89.0,89%,1880.0,0,Grade-3-2022-2023-Achievement-Results.zip
2022-2023,3,67334,Conseil des écoles catholiques du Centre-Est (CECCE),fr,Writing,76.0,76%,1876.0,0,Grade-3-2022-2023-Achievement-Results.zip
2022-2023,3,67334,Conseil des écoles catholiques du Centre-Est (CECCE),fr,Mathematics,73.0,73%,1882.0,0,Grade-3-2022-2023-Achievement-Results.zip
2022-2023,3,76686,Provincial Schools,en,Reading,40.0,40%,10.0,0,Grade-3-2022-2023-Achievement-Results.zip
2022-2023,3,76686,Provincial Schools,en,Writing,30.0,30%,10.0,0,Grade-3-2022-2023-Achievement-Results.zip
2022-2023,3,76686,Provincial Schools,en,Mathematics,10.0,10%,10.0,0,Grade-3-2022-2023-Achievement-Results.zip
2022-2023,3,79910,Penetanguishene Protestant SSB,en,Reading,71.0,71%,42.0,0,Grade-3-2022-2023-Achievement-Results.zip
2022-2023,3,79910,Penetanguishene Protestant SSB,en,Writing,60.0,60%,42.0,0,Grade-3-2022-2023-Achievement-Results.zip
2022-2023,3,79910,Penetanguishene Protestant SSB,en,Mathematics,67.0,67%,42.0,0,Grade-3-2022-2023-Achievement-Results.zip
2022-2023,3,80509,Consortium Centre Jules-Léger,fr,Reading,,S. R.,,0,Grade-3-2022-2023-Achievement-Results.zip
2022-2023,3,80509,Consortium Centre Jules-Léger,fr,Writing,,S. R.,,0,Grade-3-2022-2023-Achievement-Results.zip
2022-2023,3,80509,Consortium Centre Jules-Léger,fr,Mathematics,,A/D,,0,Grade-3-2022-2023-Achievement-Results.zip
2023-2024,3,15199,Moose Factory Island DSAB,en,Reading,24.0,24%,17.0,0,Grade-3-2023-2024-Achievement-Results.zip
2023-2024,3,15199,Moose Factory Island DSAB,en,Writing,24.0,24%,17.0,0,Grade-3-2023-2024-Achievement-Results.zip
2023-2024,3,15199,Moose Factory Island DSAB,en,Mathematics,19.0,19%,16.0,0,Grade-3-2023-2024-Achievement-Results.zip
2023-2024,3,15202,Moosonee DSAB,en,Reading,74.0,74%,19.0,0,Grade-3-2023-2024-Achievement-Results.zip
2023-2024,3,15202,Moosonee DSAB,en,Writing,60.0,60%,20.0,0,Grade-3-2023-2024-Achievement-Results.zip
2023-2024,3,15202,Moosonee DSAB,en,Mathematics,53.0,53%,19.0,0,Grade-3-2023-2024-Achievement-Results.zip
2023-2024,3,28002,DSB Ontario North East,en,Reading,49.0,49%,268.0,0,Grade-3-2023-2024-Achievement-Results.zip
2023-2024,3,28002,DSB Ontario North East,en,Writing,36.0,36%,269.0,0,Grade-3-2023-2024-Achievement-Results.zip
2023-2024,3,28002,DSB Ontario North East,en,Mathematics,42.0,42%,419.0,0,Grade-3-2023-2024-Achievement-Results.zip
2023-2024,3,28010,Algoma DSB,en,Reading,61.0,61%,536.0,0,Grade-3-2023-2024-Achievement-Results.zip
2023-2024,3,28010,Algoma DSB,en,Writing,51.0,51%,537.0,0,Grade-3-2023-2024-Achievement-Results.zip
2023-2024,3,28010,Algoma DSB,en,Mathematics,50.0,50%,636.0,0,Grade-3-2023-2024-Achievement-Results.zip
2023-2024,3,28029,Rainbow District School Board,en,Reading,71.0,71%,884.0,0,Grade-3-2023-2024-Achievement-Results.zip
2023-2024,3,28029,Rainbow District School Board,en,Writing,63.0,63%,888.0,0,Grade-3-2023-2024-Achievement-Results.zip
2023-2024,3,28029,Rainbow District School Board,en,Mathematics,56.0,56%,886.0,0,Grade-3-2023-2024-Achievement-Results.zip
2023-2024,3,28037,Near North DSB,en,Reading,58.0,58%,661.0,0,Grade-3-2023-2024-Achievement-Results.zip
2023-2024,3,28037,Near North DSB,en,Writing,47.0,47%,661.0,0,Grade-3-2023-2024-Achievement-Results.zip
2023-2024,3,28037,Near North DSB,en,Mathematics,41.0,41%,660.0,0,Grade-3-2023-2024-Achievement-Results.zip
2023-2024,3,28045,Keewatin-Patricia DSB,en,Reading,65.0,65%,276.0,0,Grade-3-2023-2024-Achievement-Results.zip
2023-2024,3,28045,Keewatin-Patricia DSB,en,Writing,56.0,56%,275.0,0,Grade-3-2023-2024-Achievement-Results.zip
2023-2024,3,28045,Keewatin-Patricia DSB,en,Mathematics,54.0,54%,274.0,0,Grade-3-2023-2024-Achievement-Results.zip
2023-2024,3,28053,Rainy River DSB,en,Reading,64.0,64%,142.0,0,Grade-3-2023-2024-Achievement-Results.zip
2023-2024,3,28053,Rainy River DSB,en,Writing,64.0,64%,142.0,0,Grade-3-2023-2024-Achievement-Results.zip
2023-2024,3,28053,Rainy River DSB,en,Mathematics,50.0,50%,141.0,0,Grade-3-2023-2024-Achievement-Results.zip
2023-2024,3,28061,Lakehead DSB,en,Reading,83.0,83%,614.0,0,Grade-3-2023-2024-Achievement-Results.zip
2023-2024,3,28061,Lakehead DSB,en,Writing,76.0,76%,612.0,0,Grade-3-2023-2024-Achievement-Results.zip
2023-2024,3,28061,Lakehead DSB,en,Mathematics,71.0,71%,611.0,0,Grade-3-2023-2024-Achievement-Results.zip
2023-2024,3,28070,Superior-Greenstone DSB,en,Reading,48.0,48%,65.0,0,Grade-3-2023-2024-Achievement-Results.zip
2023-2024,3,28070,Superior-Greenstone DSB,en,Writing,36.0,36%,66.0,0,Grade-3-2023-2024-Achievement-Results.zip
2023-2024,3,28070,Superior-Greenstone DSB,en,Mathematics,36.0,36%,66.0,0,Grade-3-2023-2024-Achievement-Results.zip
2023-2024,3,28100,Le C.S. public du Nord-Est de l'Ontario,fr,Reading,71.0,71%,175.0,0,Grade-3-2023-2024-Achievement-Results.zip
2023-2024,3,28100,Le C.S. public du Nord-Est de l'Ontario,fr,Writing,50.0,50%,175.0,0,Grade-3-2023-2024-Achievement-Results.zip
2023-2024,3,28100,Le C.S. public du Nord-Est de l'Ontario,fr,Mathematics,71.0,71%,175.0,0,Grade-3-2023-2024-Achievement-Results.zip
2023-2024,3,28118,Conseil scolaire du Grand Nord,fr,Reading,78.0,78%,197.0,0,Grade-3-2023-2024-Achievement-Results.zip
2023-2024,3,28118,Conseil scolaire du Grand Nord,fr,Writing,58.0,58%,197.0,0,Grade-3-2023-2024-Achievement-Results.zip
2023-2024,3,28118,Conseil scolaire du Grand Nord,fr,Mathematics,63.0,63%,197.0,0,Grade-3-2023-2024-Achievement-Results.zip
2023-2024,3,29009,Northeastern Catholic DSB,en,Reading,53.0,53%,176.0,0,Grade-3-2023-2024-Achievement-Results.zip
2023-2024,3,29009,Northeastern Catholic DSB,en,Writing,42.0,42%,177.0,0,Grade-3-2023-2024-Achievement-Results.zip
2023-2024,3,29009,Northeastern Catholic DSB,en,Mathematics,39.0,39%,176.0,0,Grade-3-2023-2024-Achievement-Results.zip
2023-2024,3,29017,Nipissing-Parry Sound Catholic DSB,en,Reading,60.0,60%,228.0,0,Grade-3-2023-2024-Achievement-Results.zip
2023-2024,3,29017,Nipissing-Parry Sound Catholic DSB,en,Writing,45.0,45%,228.0,0,Grade-3-2023-2024-Achievement-Results.zip
2023-2024,3,29017,Nipissing-Parry Sound Catholic DSB,en,Mathematics,40.0,40%,228.0,0,Grade-3-2023-2024-Achievement-Results.zip
2023-2024,3,29025,Huron-Superior Catholic DSB,en,Reading,64.0,64%,346.0,0,Grade-3-2023-2024-Achievement-Results.zip
2023-2024,3,29025,Huron-Superior Catholic DSB,en,Writing,58.0,58%,347.0,0,Grade-3-2023-2024-Achievement-Results.zip
2023-2024,3,29025,Huron-Superior Catholic DSB,en,Mathematics,49.0,49%,344.0,0,Grade-3-2023-2024-Achievement-Results.zip
2023-2024,3,29033,Sudbury Catholic DSB,en,Reading,62.0,62%,426.0,0,Grade-3-2023-2024-Achievement-Results.zip
2023-2024,3,29033,Sudbury Catholic DSB,en,Writing,50.0,50%,426.0,0,Grade-3-2023-2024-Achievement-Results.zip
2023-2024,3,29033,Sudbury Catholic DSB,en,Mathematics,36.0,36%,426.0,0,Grade-3-2023-2024-Achievement-Results.zip
2023-2024,3,29041,Northwest Catholic DSB,en,Reading,74.0,74%,125.0,0,Grade-3-2023-2024-Achievement-Results.zip
2023-2024,3,29041,Northwest Catholic DSB,en,Writing,61.0,61%,125.0,0,Grade-3-2023-2024-Achievement-Results.zip
2023-2024,3,29041,Northwest Catholic DSB,en,Mathematics,60.0,60%,125.0,0,Grade-3-2023-2024-Achievement-Results.zip
2023-2024,3,29050,Kenora Catholic DSB,en,Reading,79.0,79%,72.0,0,Grade-3-2023-2024-Achievement-Results.zip
2023-2024,3,29050,Kenora Catholic DSB,en,Writing,67.0,67%,72.0,0,Grade-3-2023-2024-Achievement-Results.zip
2023-2024,3,29050,Kenora Catholic DSB,en,Mathematics,61.0,61%,72.0,0,Grade-3-2023-2024-Achievement-Results.zip
2023-2024,3,29068,Thunder Bay Catholic DSB,en,Reading,77.0,77%,441.0,0,Grade-3-2023-2024-Achievement-Results.zip
2023-2024,3,29068,Thunder Bay Catholic DSB,en,Writing,66.0,66%,437.0,0,Grade-3-2023-2024-Achievement-Results.zip
2023-2024,3,29068,Thunder Bay Catholic DSB,en,Mathematics,61.0,61%,441.0,0,Grade-3-2023-2024-Achievement-Results.zip
2023-2024,3,29076,Superior North Catholic DSB,en,Reading,55.0,55%,71.0,0,Grade-3-2023-2024-Achievement-Results.zip
2023-2024,3,29076,Superior North Catholic DSB,en,Writing,51.0,51%,71.0,0,Grade-3-2023-2024-Achievement-Results.zip
2023-2024,3,29076,Superior North Catholic DSB,en,Mathematics,40.0,40%,72.0,0,Grade-3-2023-2024-Achievement-Results.zip
2023-2024,3,29106,Le C.S.C.D. des Grandes Rivières,fr,Reading,68.0,68%,372.0,0,Grade-3-2023-2024-Achievement-Results.zip
2023-2024,3,29106,Le C.S.C.D. des Grandes Rivières,fr,Writing,44.0,44%,372.0,0,Grade-3-2023-2024-Achievement-Results.zip
2023-2024,3,29106,Le C.S.C.D. des Grandes Rivières,fr,Mathematics,55.0,55%,372.0,0,Grade-3-2023-2024-Achievement-Results.zip
2023-2024,3,29114,Le C.S. catholique Franco-Nord,fr,Reading,66.0,66%,149.0,0,Grade-3-2023-2024-Achievement-Results.zip
2023-2024,3,29114,Le C.S. catholique Franco-Nord,fr,Writing,35.0,35%,150.0,0,Grade-3-2023-2024-Achievement-Results.zip
2023-2024,3,29114,Le C.S. catholique Franco-Nord,fr,Mathematics,60.0,60%,150.0,0,Grade-3-2023-2024-Achievement-Results.zip
2023-2024,3,29122,Conseil scolaire catholique Nouvelon,fr,Reading,73.0,73%,451.0,0,Grade-3-2023-2024-Achievement-Results.zip
2023-2024,3,29122,Conseil scolaire catholique Nouvelon,fr,Writing,53.0,53%,451.0,0,Grade-3-2023-2024-Achievement-Results.zip
2023-2024,3,29122,Conseil scolaire catholique Nouvelon,fr,Mathematics,65.0,65%,452.0,0,Grade-3-2023-2024-Achievement-Results.zip
2023-2024,3,29130,Le C.S.D.C. des Aurores boréales,fr,Reading,74.0,74%,66.0,0,Grade-3-2023-2024-Achievement-Results.zip
2023-2024,3,29130,Le C.S.D.C. des Aurores boréales,fr,Writing,47.0,47%,66.0,0,Grade-3-2023-2024-Achievement-Results.zip
2023-2024,3,29130,Le C.S.D.C. des Aurores boréales,fr,Mathematics,58.0,58%,66.0,0,Grade-3-2023-2024-Achievement-Results.zip
2023-2024,3,66001,Bluewater DSB,en,Reading,64.0,64%,1361.0,0,Grade-3-2023-2024-Achievement-Results.zip
2023-2024,3,66001,Bluewater DSB,en,Writing,56.0,56%,1363.0,0,Grade-3-2023-2024-Achievement-Results.zip
2023-2024,3,66001,Bluewater DSB,en,Mathematics,55.0,55%,1362.0,0,Grade-3-2023-2024-Achievement-Results.zip
2023-2024,3,66010,Avon Maitland DSB,en,Reading,68.0,68%,1001.0,0,Grade-3-2023-2024-Achievement-Results.zip
2023-2024,3,66010,Avon Maitland DSB,en,Writing,61.0,61%,1003.0,0,Grade-3-2023-2024-Achievement-Results.zip
2023-2024,3,66010,Avon Maitland DSB,en,Mathematics,62.0,62%,1001.0,0,Grade-3-2023-2024-Achievement-Results.zip
2023-2024,3,66028,Greater Essex County DSB,en,Reading,70.0,70%,2066.0,0,Grade-3-2023-2024-Achievement-Results.zip
2023-2024,3,66028,Greater Essex County DSB,en,Writing,64.0,64%,2056.0,0,Grade-3-2023-2024-Achievement-Results.zip
2023-2024,3,66028,Greater Essex County DSB,en,Mathematics,59.0,59%,2063.0,0,Grade-3-2023-2024-Achievement-Results.zip
2023-2024,3,66036,Lambton Kent District School Board,en,Reading,63.0,63%,1516.0,0,Grade-3-2023-2024-Achievement-Results.zip
2023-2024,3,66036,Lambton Kent District School Board,en,Writing,51.0,51%,1516.0,0,Grade-3-2023-2024-Achievement-Results.zip
2023-2024,3,66036,Lambton Kent District School Board,en,Mathematics,54.0,54%,1516.0,0,Grade-3-2023-2024-Achievement-Results.zip
2023-2024,3,66044,Thames Valley District School Board,en,Reading,66.0,66%,5570.0,0,Grade-3-2023-2024-Achievement-Results.zip
2023-2024,3,66044,Thames Valley District School Board,en,Writing,58.0,58%,5579.0,0,Grade-3-2023-2024-Achievement-Results.zip
2023-2024,3,66044,Thames Valley District School Board,en,Mathematics,59.0,59%,5576.0,0,Grade-3-2023-2024-Achievement-Results.zip
2023-2024,3,66052,Toronto DSB,en,Reading,70.0,70%,12462.0,0,Grade-3-2023-2024-Achievement-Results.zip
2023-2024,3,66052,Toronto DSB,en,Writing,63.0,63%,12484.0,0,Grade-3-2023-2024-Achievement-Results.zip
2023-2024,3,66052,Toronto DSB,en,Mathematics,59.0,59%,14327.0,0,Grade-3-2023-2024-Achievement-Results.zip
2023-2024,3,66060,Durham DSB,en,Reading,71.0,71%,4471.0,0,Grade-3-2023-2024-Achievement-Results.zip
2023-2024,3,66060,Durham DSB,en,Writing,63.0,63%,4475.0,0,Grade-3-2023-2024-Achievement-Results.zip
2023-2024,3,66060,Durham DSB,en,Mathematics,63.0,63%,5317.0,0,Grade-3-2023-2024-Achievement-Results.zip
2023-2024,3,66079,Kawartha Pine Ridge DSB,en,Reading,70.0,70%,2565.0,0,Grade-3-2023-2024-Achievement-Results.zip
2023-2024,3,66079,Kawartha Pine Ridge DSB,en,Writing,62.0,62%,2570.0,0,Grade-3-2023-2024-Achievement-Results.zip
2023-2024,3,66079,Kawartha Pine Ridge DSB,en,Mathematics,59.0,59%,2566.0,0,Grade-3-2023-2024-Achievement-Results.zip
2023-2024,3,66087,Trillium Lakelands DSB,en,Reading,76.0,76%,1214.0,0,Grade-3-2023-2024-Achievement-Results.zip
2023-2024,3,66087,Trillium Lakelands DSB,en,Writing,67.0,67%,1216.0,0,Grade-3-2023-2024-Achievement-Results.zip
2023-2024,3,66087,Trillium Lakelands DSB,en,Mathematics,69.0,69%,1213.0,0,Grade-3-2023-2024-Achievement-Results.zip
2023-2024,3,66095,York Region DSB,en,Reading,75.0,75%,6467.0,0,Grade-3-2023-2024-Achievement-Results.zip
2023-2024,3,66095,York Region DSB,en,Writing,70.0,70%,6477.0,0,Grade-3-2023-2024-Achievement-Results.zip
2023-2024,3,66095,York Region DSB,en,Mathematics,71.0,71%,7960.0,0,Grade-3-2023-2024-Achievement-Results.zip
2023-2024,3,66109,Simcoe County DSB,en,Reading,68.0,68%,3466.0,0,Grade-3-2023-2024-Achievement-Results.zip
2023-2024,3,66109,Simcoe County DSB,en,Writing,58.0,58%,3468.0,0,Grade-3-2023-2024-Achievement-Results.zip
2023-2024,3,66109,Simcoe County DSB,en,Mathematics,60.0,60%,3826.0,0,Grade-3-2023-2024-Achievement-Results.zip
2023-2024,3,66117,Upper Grand DSB,en,Reading,73.0,73%,2205.0,0,Grade-3-2023-2024-Achievement-Results.zip
2023-2024,3,66117,Upper Grand DSB,en,Writing,64.0,64%,2208.0,0,Grade-3-2023-2024-Achievement-Results.zip
2023-2024,3,66117,Upper Grand DSB,en,Mathematics,64.0,64%,2203.0,0,Grade-3-2023-2024-Achievement-Results.zip
2023-2024,3,66125,Peel District School Board,en,Reading,69.0,69%,9114.0,0,Grade-3-2023-2024-Achievement-Results.zip
2023-2024,3,66125,Peel District School Board,en,Writing,62.0,62%,9118.0,0,Grade-3-2023-2024-Achievement-Results.zip
2023-2024,3,66125,Peel District School Board,en,Mathematics,62.0,62%,9122.0,0,Grade-3-2023-2024-Achievement-Results.zip
2023-2024,3,66133,Halton DSB,en,Reading,77.0,77%,4211.0,0,Grade-3-2023-2024-Achievement-Results.zip
2023-2024,3,66133,Halton DSB,en,Writing,71.0,71%,4215.0,0,Grade-3-2023-2024-Achievement-Results.zip
2023-2024,3,66133,Halton DSB,en,Mathematics,69.0,69%,4210.0,0,Grade-3-2023-2024-Achievement-Results.zip
2023-2024,3,66141,Hamilton-Wentworth DSB,en,Reading,67.0,67%,3395.0,0,Grade-3-2023-2024-Achievement-Results.zip
2023-2024,3,66141,Hamilton-Wentworth DSB,en,Writing,60.0,60%,3399.0,0,Grade-3-2023-2024-Achievement-Results.zip
2023-2024,3,66141,Hamilton-Wentworth DSB,en,Mathematics,51.0,51%,3391.0,0,Grade-3-2023-2024-Achievement-Results.zip
2023-2024,3,66150,DSB of Niagara,en,Reading,88.0,88%,2598.0,0,Grade-3-2023-2024-Achievement-Results.zip
2023-2024,3,66150,DSB of Niagara,en,Writing,81.0,81%,2600.0,0,Grade-3-2023-2024-Achievement-Results.zip
2023-2024,3,66150,DSB of Niagara,en,Mathematics,81.0,81%,2596.0,0,Grade-3-2023-2024-Achievement-Results.zip
2023-2024,3,66168,Grand Erie DSB,en,Reading,62.0,62%,1903.0,0,Grade-3-2023-2024-Achievement-Results.zip
2023-2024,3,66168,Grand Erie DSB,en,Writing,54.0,54%,1904.0,0,Grade-3-2023-2024-Achievement-Results.zip
2023-2024,3,66168,Grand Erie DSB,en,Mathematics,52.0,52%,1905.0,0,Grade-3-2023-2024-Achievement-Results.zip
2023-2024,3,66176,Waterloo Region DSB,en,Reading,68.0,68%,4067.0,0,Grade-3-2023-2024-Achievement-Results.zip
2023-2024,3,66176,Waterloo Region DSB,en,Writing,60.0,60%,4074.0,0,Grade-3-2023-2024-Achievement-Results.zip
2023-2024,3,66176,Waterloo Region DSB,en,Mathematics,58.0,58%,4073.0,0,Grade-3-2023-2024-Achievement-Results.zip
2023-2024,3,66184,Ottawa-Carleton DSB,en,Reading,71.0,71%,4613.0,0,Grade-3-2023-2024-Achievement-Results.zip
2023-2024,3,66184,Ottawa-Carleton DSB,en,Writing,62.0,62%,4625.0,0,Grade-3-2023-2024-Achievement-Results.zip
2023-2024,3,66184,Ottawa-Carleton DSB,en,Mathematics,62.0,62%,4627.0,0,Grade-3-2023-2024-Achievement-Results.zip
2023-2024,3,66192,Upper Canada DSB,en,Reading,65.0,65%,1785.0,0,Grade-3-2023-2024-Achievement-Results.zip
2023-2024,3,66192,Upper Canada DSB,en,Writing,58.0,58%,1788.0,0,Grade-3-2023-2024-Achievement-Results.zip
2023-2024,3,66192,Upper Canada DSB,en,Mathematics,53.0,53%,1785.0,0,Grade-3-2023-2024-Achievement-Results.zip
2023-2024,3,66206,Limestone DSB,en,Reading,69.0,69%,1252.0,0,Grade-3-2023-2024-Achievement-Results.zip
2023-2024,3,66206,Limestone DSB,en,Writing,60.0,60%,1257.0,0,Grade-3-2023-2024-Achievement-Results.zip
2023-2024,3,66206,Limestone DSB,en,Mathematics,57.0,57%,1249.0,0,Grade-3-2023-2024-Achievement-Results.zip
2023-2024,3,66214,Renfrew County DSB,en,Reading,64.0,64%,618.0,0,Grade-3-2023-2024-Achievement-Results.zip
2023-2024,3,66214,Renfrew County DSB,en,Writing,56.0,56%,622.0,0,Grade-3-2023-2024-Achievement-Results.zip
2023-2024,3,66214,Renfrew County DSB,en,Mathematics,52.0,52%,618.0,0,Grade-3-2023-2024-Achievement-Results.zip
2023-2024,3,66222,Hastings and Prince Edward DSB,en,Reading,65.0,65%,1042.0,0,Grade-3-2023-2024-Achievement-Results.zip
2023-2024,3,66222,Hastings and Prince Edward DSB,en,Writing,55.0,55%,1042.0,0,Grade-3-2023-2024-Achievement-Results.zip
2023-2024,3,66222,Hastings and Prince Edward DSB,en,Mathematics,56.0,56%,1042.0,0,Grade-3-2023-2024-Achievement-Results.zip
2023-2024,3,66303,Conseil scolaire Viamonde,fr,Reading,89.0,89%,1035.0,0,Grade-3-2023-2024-Achievement-Results.zip
2023-2024,3,66303,Conseil scolaire Viamonde,fr,Writing,76.0,76%,1035.0,0,Grade-3-2023-2024-Achievement-Results.zip
2023-2024,3,66303,Conseil scolaire Viamonde,fr,Mathematics,82.0,82%,1035.0,0,Grade-3-2023-2024-Achievement-Results.zip
2023-2024,3,66311,Conseil des écoles publiques de l'Est de l'Ontario,fr,Reading,87.0,87%,1277.0,0,Grade-3-2023-2024-Achievement-Results.zip
2023-2024,3,66311,Conseil des écoles publiques de l'Est de l'Ontario,fr,Writing,72.0,72%,1277.0,0,Grade-3-2023-2024-Achievement-Results.zip
2023-2024,3,66311,Conseil des écoles publiques de l'Est de l'Ontario,fr,Mathematics,76.0,76%,1277.0,0,Grade-3-2023-2024-Achievement-Results.zip
2023-2024,3,67008,Bruce-Grey Catholic DSB,en,Reading,65.0,65%,301.0,0,Grade-3-2023-2024-Achievement-Results.zip
2023-2024,3,67008,Bruce-Grey Catholic DSB,en,Writing,54.0,54%,301.0,0,Grade-3-2023-2024-Achievement-Results.zip
2023-2024,3,67008,Bruce-Grey Catholic DSB,en,Mathematics,57.0,57%,301.0,0,Grade-3-2023-2024-Achievement-Results.zip
2023-2024,3,67016,Huron-Perth Catholic DSB,en,Reading,78.0,78%,334.0,0,Grade-3-2023-2024-Achievement-Results.zip
2023-2024,3,67016,Huron-Perth Catholic DSB,en,Writing,68.0,68%,334.0,0,Grade-3-2023-2024-Achievement-Results.zip
2023-2024,3,67016,Huron-Perth Catholic DSB,en,Mathematics,67.0,67%,334.0,0,Grade-3-2023-2024-Achievement-Results.zip
2023-2024,3,67024,Windsor-Essex Catholic DSB,en,Reading,79.0,79%,1293.0,0,Grade-3-2023-2024-Achievement-Results.zip
2023-2024,3,67024,Windsor-Essex Catholic DSB,en,Writing,77.0,77%,1293.0,0,Grade-3-2023-2024-Achievement-Results.zip
2023-2024,3,67024,Windsor-Essex Catholic DSB,en,Mathematics,69.0,69%,1293.0,0,Grade-3-2023-2024-Achievement-Results.zip
2023-2024,3,67032,London District Catholic School Board,en,Reading,73.0,73%,1519.0,0,Grade-3-2023-2024-Achievement-Results.zip
2023-2024,3,67032,London District Catholic School Board,en,Writing,65.0,65%,1519.0,0,Grade-3-2023-2024-Achievement-Results.zip
2023-2024,3,67032,London District Catholic School Board,en,Mathematics,57.0,57%,1526.0,0,Grade-3-2023-2024-Achievement-Results.zip
2023-2024,3,67040,St. Clair Catholic District School Board,en,Reading,70.0,70%,597.0,0,Grade-3-2023-2024-Achievement-Results.zip
2023-2024,3,67040,St. Clair Catholic District School Board,en,Writing,63.0,63%,597.0,0,Grade-3-2023-2024-Achievement-Results.zip
2023-2024,3,67040,St. Clair Catholic District School Board,en,Mathematics,66.0,66%,597.0,0,Grade-3-2023-2024-Achievement-Results.zip
2023-2024,3,67059,Toronto Catholic District School Board,en,Reading,74.0,74%,4841.0,0,Grade-3-2023-2024-Achievement-Results.zip
2023-2024,3,67059,Toronto Catholic District School Board,en,Writing,67.0,67%,4849.0,0,Grade-3-2023-2024-Achievement-Results.zip
2023-2024,3,67059,Toronto Catholic District School Board,en,Mathematics,58.0,58%,5205.0,0,Grade-3-2023-2024-Achievement-Results.zip
2023-2024,3,67067,Peterborough Victoria Northumberland and Clarington CDSB,en,Reading,69.0,69%,1006.0,0,Grade-3-2023-2024-Achievement-Results.zip
2023-2024,3,67067,Peterborough Victoria Northumberland and Clarington CDSB,en,Writing,59.0,59%,1007.0,0,Grade-3-2023-2024-Achievement-Results.zip
2023-2024,3,67067,Peterborough Victoria Northumberland and Clarington CDSB,en,Mathematics,57.0,57%,1006.0,0,Grade-3-2023-2024-Achievement-Results.zip
2023-2024,3,67075,York Catholic DSB,en,Reading,78.0,78%,2430.0,0,Grade-3-2023-2024-Achievement-Results.zip
2023-2024,3,67075,York Catholic DSB,en,Writing,73.0,73%,2431.0,0,Grade-3-2023-2024-Achievement-Results.zip
2023-2024,3,67075,York Catholic DSB,en,Mathematics,69.0,69%,2763.0,0,Grade-3-2023-2024-Achievement-Results.zip
2023-2024,3,67083,Dufferin-Peel Catholic DSB,en,Reading,76.0,76%,3871.0,0,Grade-3-2023-2024-Achievement-Results.zip
2023-2024,3,67083,Dufferin-Peel Catholic DSB,en,Writing,68.0,68%,3873.0,0,Grade-3-2023-2024-Achievement-Results.zip
2023-2024,3,67083,Dufferin-Peel Catholic DSB,en,Mathematics,62.0,62%,3867.0,0,Grade-3-2023-2024-Achievement-Results.zip
2023-2024,3,67091,Simcoe Muskoka Catholic DSB,en,Reading,66.0,66%,1627.0,0,Grade-3-2023-2024-Achievement-Results.zip
2023-2024,3,67091,Simcoe Muskoka Catholic DSB,en,Writing,57.0,57%,1626.0,0,Grade-3-2023-2024-Achievement-Results.zip
2023-2024,3,67091,Simcoe Muskoka Catholic DSB,en,Mathematics,51.0,51%,1626.0,0,Grade-3-2023-2024-Achievement-Results.zip
2023-2024,3,67105,Durham Catholic DSB,en,Reading,69.0,69%,1267.0,0,Grade-3-2023-2024-Achievement-Results.zip
2023-2024,3,67105,Durham Catholic DSB,en,Writing,60.0,60%,1269.0,0,Grade-3-2023-2024-Achievement-Results.zip
2023-2024,3,67105,Durham Catholic DSB,en,Mathematics,56.0,56%,1620.0,0,Grade-3-2023-2024-Achievement-Results.zip
2023-2024,3,67113,Halton Catholic DSB,en,Reading,79.0,79%,2085.0,0,Grade-3-2023-2024-Achievement-Results.zip
2023-2024,3,67113,Halton Catholic DSB,en,Writing,74.0,74%,2090.0,0,Grade-3-2023-2024-Achievement-Results.zip
2023-2024,3,67113,Halton Catholic DSB,en,Mathematics,71.0,71%,2088.0,0,Grade-3-2023-2024-Achievement-Results.zip
2023-2024,3,67121,Hamilton-Wentworth Catholic DSB,en,Reading,80.0,80%,1901.0,0,Grade-3-2023-2024-Achievement-Results.zip
2023-2024,3,67121,Hamilton-Wentworth Catholic DSB,en,Writing,75.0,75%,1903.0,0,Grade-3-2023-2024-Achievement-Results.zip
2023-2024,3,67121,Hamilton-Wentworth Catholic DSB,en,Mathematics,72.0,72%,1902.0,0,Grade-3-2023-2024-Achievement-Results.zip
2023-2024,3,67130,Wellington Catholic DSB,en,Reading,74.0,74%,598.0,0,Grade-3-2023-2024-Achievement-Results.zip
2023-2024,3,67130,Wellington Catholic DSB,en,Writing,66.0,66%,601.0,0,Grade-3-2023-2024-Achievement-Results.zip
2023-2024,3,67130,Wellington Catholic DSB,en,Mathematics,68.0,68%,599.0,0,Grade-3-2023-2024-Achievement-Results.zip
2023-2024,3,67148,Waterloo Catholic DSB,en,Reading,73.0,73%,1749.0,0,Grade-3-2023-2024-Achievement-Results.zip
2023-2024,3,67148,Waterloo Catholic DSB,en,Writing,63.0,63%,1750.0,0,Grade-3-2023-2024-Achievement-Results.zip
2023-2024,3,67148,Waterloo Catholic DSB,en,Mathematics,64.0,64%,1753.0,0,Grade-3-2023-2024-Achievement-Results.zip
2023-2024,3,67156,Niagara Catholic DSB,en,Reading,78.0,78%,1305.0,0,Grade-3-2023-2024-Achievement-Results.zip
2023-2024,3,67156,Niagara Catholic DSB,en,Writing,73.0,73%,1305.0,0,Grade-3-2023-2024-Achievement-Results.zip
2023-2024,3,67156,Niagara Catholic DSB,en,Mathematics,68.0,68%,1400.0,0,Grade-3-2023-2024-Achievement-Results.zip
2023-2024,3,67164,Brant Haldimand Norfolk Catholic DSB,en,Reading,72.0,72%,783.0,0,Grade-3-2023-2024-Achievement-Results.zip
2023-2024,3,67164,Brant Haldimand Norfolk Catholic DSB,en,Writing,65.0,65%,783.0,0,Grade-3-2023-2024-Achievement-Results.zip
2023-2024,3,67164,Brant Haldimand Norfolk Catholic DSB,en,Mathematics,62.0,62%,783.0,0,Grade-3-2023-2024-Achievement-Results.zip
2023-2024,3,67172,Catholic DSB of Eastern Ontario,en,Reading,67.0,67%,1002.0,0,Grade-3-2023-2024-Achievement-Results.zip
2023-2024,3,67172,Catholic DSB of Eastern Ontario,en,Writing,59.0,59%,1002.0,0,Grade-3-2023-2024-Achievement-Results.zip
2023-2024,3,67172,Catholic DSB of Eastern Ontario,en,Mathematics,51.0,51%,1000.0,0,Grade-3-2023-2024-Achievement-Results.zip
2023-2024,3,67180,Ottawa Catholic District School Board,en,Reading,77.0,77%,2953.0,0,Grade-3-2023-2024-Achievement-Results.zip
2023-2024,3,67180,Ottawa Catholic District School Board,en,Writing,71.0,71%,2952.0,0,Grade-3-2023-2024-Achievement-Results.zip
2023-2024,3,67180,Ottawa Catholic District School Board,en,Mathematics,67.0,67%,2957.0,0,Grade-3-2023-2024-Achievement-Results.zip
2023-2024,3,67199,Renfrew County Catholic DSB,en,Reading,84.0,84%,394.0,0,Grade-3-2023-2024-Achievement-Results.zip
2023-2024,3,67199,Renfrew County Catholic DSB,en,Writing,76.0,76%,394.0,0,Grade-3-2023-2024-Achievement-Results.zip
2023-2024,3,67199,Renfrew County Catholic DSB,en,Mathematics,73.0,73%,393.0,0,Grade-3-2023-2024-Achievement-Results.zip
2023-2024,3,67202,Algonquin and Lakeshore Catholic DSB,en,Reading,68.0,68%,827.0,0,Grade-3-2023-2024-Achievement-Results.zip
2023-2024,3,67202,Algonquin and Lakeshore Catholic DSB,en,Writing,54.0,54%,829.0,0,Grade-3-2023-2024-Achievement-Results.zip
2023-2024,3,67202,Algonquin and Lakeshore Catholic DSB,en,Mathematics,55.0,55%,829.0,0,Grade-3-2023-2024-Achievement-Results.zip
2023-2024,3,67300,Conseil scolaire catholique Providence,fr,Reading,76.0,76%,719.0,0,Grade-3-2023-2024-Achievement-Results.zip
2023-2024,3,67300,Conseil scolaire catholique Providence,fr,Writing,63.0,63%,720.0,0,Grade-3-2023-2024-Achievement-Results.zip
2023-2024,3,67300,Conseil scolaire catholique Providence,fr,Mathematics,69.0,69%,719.0,0,Grade-3-2023-2024-Achievement-Results.zip
2023-2024,3,67318,Le Conseil scolaire catholique MonAvenir,fr,Reading,86.0,86%,1231.0,0,Grade-3-2023-2024-Achievement-Results.zip
2023-2024,3,67318,Le Conseil scolaire catholique MonAvenir,fr,Writing,69.0,69%,1231.0,0,Grade-3-2023-2024-Achievement-Results.zip
2023-2024,3,67318,Le Conseil scolaire catholique MonAvenir,fr,Mathematics,73.0,73%,1231.0,0,Grade-3-2023-2024-Achievement-Results.zip
2023-2024,3,67326,Le C.S.D.C. de l'Est ontarien,fr,Reading,83.0,83%,792.0,0,Grade-3-2023-2024-Achievement-Results.zip
2023-2024,3,67326,Le C.S.D.C. de l'Est ontarien,fr,Writing,60.0,60%,792.0,0,Grade-3-2023-2024-Achievement-Results.zip
2023-2024,3,67326,Le C.S.D.C. de l'Est ontarien,fr,Mathematics,73.0,73%,791.0,0,Grade-3-2023-2024-Achievement-Results.zip
2023-2024,3,67334,Conseil des écoles catholiques du Centre-Est (CECCE),fr,Reading,90.0,90%,1950.0,0,Grade-3-2023-2024-Achievement-Results.zip
2023-2024,3,67334,Conseil des écoles catholiques du Centre-Est (CECCE),fr,Writing,77.0,77%,1951.0,0,Grade-3-2023-2024-Achievement-Results.zip
2023-2024,3,67334,Conseil des écoles catholiques du Centre-Est (CECCE),fr,Mathematics,79.0,79%,1953.0,0,Grade-3-2023-2024-Achievement-Results.zip
2023-2024,3,76686,Provincial Schools,en,Reading,13.0,13%,23.0,0,Grade-3-2023-2024-Achievement-Results.zip
2023-2024,3,76686,Provincial Schools,en,Writing,12.0,12%,25.0,0,Grade-3-2023-2024-Achievement-Results.zip
2023-2024,3,76686,Provincial Schools,en,Mathematics,8.0,8%,24.0,0,Grade-3-2023-2024-Achievement-Results.zip
2023-2024,3,79910,Penetanguishene Protestant SSB,en,Reading,78.0,78%,49.0,0,Grade-3-2023-2024-Achievement-Results.zip
2023-2024,3,79910,Penetanguishene Protestant SSB,en,Writing,80.0,80%,49.0,0,Grade-3-2023-2024-Achievement-Results.zip
2023-2024,3,79910,Penetanguishene Protestant SSB,en,Mathematics,71.0,71%,49.0,0,Grade-3-2023-2024-Achievement-Results.zip
2023-2024,3,80509,Consortium Centre Jules-Léger,fr,Reading,,A/D,,3,Grade-3-2023-2024-Achievement-Results.zip
2023-2024,3,80509,Consortium Centre Jules-Léger,fr,Writing,,A/D,,3,Grade-3-2023-2024-Achievement-Results.zip
2023-2024,3,80509,Consortium Centre Jules-Léger,fr,Mathematics,,A/D,,3,Grade-3-2023-2024-Achievement-Results.zip
2024-2025,3,15199,Moose Factory Island DSAB,en,Reading,26.0,26%,31.0,0,Grade-3-2024-2025-Achievement-Results.zip
2024-2025,3,15199,Moose Factory Island DSAB,en,Writing,22.0,22%,32.0,0,Grade-3-2024-2025-Achievement-Results.zip
2024-2025,3,15199,Moose Factory Island DSAB,en,Mathematics,0.0,0%,32.0,0,Grade-3-2024-2025-Achievement-Results.zip
2024-2025,3,15202,Moosonee DSAB,en,Reading,58.0,58%,26.0,0,Grade-3-2024-2025-Achievement-Results.zip
2024-2025,3,15202,Moosonee DSAB,en,Writing,38.0,38%,26.0,0,Grade-3-2024-2025-Achievement-Results.zip
2024-2025,3,15202,Moosonee DSAB,en,Mathematics,35.0,35%,26.0,0,Grade-3-2024-2025-Achievement-Results.zip
2024-2025,3,28002,DSB Ontario North East,en,Reading,53.0,53%,227.0,0,Grade-3-2024-2025-Achievement-Results.zip
2024-2025,3,28002,DSB Ontario North East,en,Writing,36.0,36%,229.0,0,Grade-3-2024-2025-Achievement-Results.zip
2024-2025,3,28002,DSB Ontario North East,en,Mathematics,45.0,45%,423.0,0,Grade-3-2024-2025-Achievement-Results.zip
2024-2025,3,28010,Algoma DSB,en,Reading,67.0,67%,572.0,0,Grade-3-2024-2025-Achievement-Results.zip
2024-2025,3,28010,Algoma DSB,en,Writing,51.0,51%,573.0,0,Grade-3-2024-2025-Achievement-Results.zip
2024-2025,3,28010,Algoma DSB,en,Mathematics,49.0,49%,678.0,0,Grade-3-2024-2025-Achievement-Results.zip
2024-2025,3,28029,Rainbow District School Board,en,Reading,77.0,77%,850.0,0,Grade-3-2024-2025-Achievement-Results.zip
2024-2025,3,28029,Rainbow District School Board,en,Writing,66.0,66%,851.0,0,Grade-3-2024-2025-Achievement-Results.zip
2024-2025,3,28029,Rainbow District School Board,en,Mathematics,61.0,61%,849.0,0,Grade-3-2024-2025-Achievement-Results.zip
2024-2025,3,28037,Near North DSB,en,Reading,60.0,60%,667.0,0,Grade-3-2024-2025-Achievement-Results.zip
2024-2025,3,28037,Near North DSB,en,Writing,43.0,43%,669.0,0,Grade-3-2024-2025-Achievement-Results.zip
2024-2025,3,28037,Near North DSB,en,Mathematics,49.0,49%,664.0,0,Grade-3-2024-2025-Achievement-Results.zip
2024-2025,3,28045,Keewatin-Patricia DSB,en,Reading,71.0,71%,285.0,0,Grade-3-2024-2025-Achievement-Results.zip
2024-2025,3,28045,Keewatin-Patricia DSB,en,Writing,62.0,62%,286.0,0,Grade-3-2024-2025-Achievement-Results.zip
2024-2025,3,28045,Keewatin-Patricia DSB,en,Mathematics,58.0,58%,283.0,0,Grade-3-2024-2025-Achievement-Results.zip
2024-2025,3,28053,Rainy River DSB,en,Reading,63.0,63%,133.0,0,Grade-3-2024-2025-Achievement-Results.zip
2024-2025,3,28053,Rainy River DSB,en,Writing,49.0,49%,134.0,0,Grade-3-2024-2025-Achievement-Results.zip
2024-2025,3,28053,Rainy River DSB,en,Mathematics,48.0,48%,133.0,0,Grade-3-2024-2025-Achievement-Results.zip
2024-2025,3,28061,Lakehead DSB,en,Reading,82.0,82%,601.0,0,Grade-3-2024-2025-Achievement-Results.zip
2024-2025,3,28061,Lakehead DSB,en,Writing,71.0,71%,601.0,0,Grade-3-2024-2025-Achievement-Results.zip
2024-2025,3,28061,Lakehead DSB,en,Mathematics,71.0,71%,601.0,0,Grade-3-2024-2025-Achievement-Results.zip
2024-2025,3,28070,Superior-Greenstone DSB,en,Reading,63.0,63%,54.0,0,Grade-3-2024-2025-Achievement-Results.zip
2024-2025,3,28070,Superior-Greenstone DSB,en,Writing,52.0,52%,54.0,0,Grade-3-2024-2025-Achievement-Results.zip
2024-2025,3,28070,Superior-Greenstone DSB,en,Mathematics,61.0,61%,54.0,0,Grade-3-2024-2025-Achievement-Results.zip
2024-2025,3,28100,Le C.S. public du Nord-Est de l'Ontario,fr,Reading,54.0,54%,160.0,0,Grade-3-2024-2025-Achievement-Results.zip
2024-2025,3,28100,Le C.S. public du Nord-Est de l'Ontario,fr,Writing,41.0,41%,160.0,0,Grade-3-2024-2025-Achievement-Results.zip
2024-2025,3,28100,Le C.S. public du Nord-Est de l'Ontario,fr,Mathematics,61.0,61%,160.0,0,Grade-3-2024-2025-Achievement-Results.zip
2024-2025,3,28118,Conseil scolaire du Grand Nord,fr,Reading,59.0,59%,198.0,0,Grade-3-2024-2025-Achievement-Results.zip
2024-2025,3,28118,Conseil scolaire du Grand Nord,fr,Writing,49.0,49%,198.0,0,Grade-3-2024-2025-Achievement-Results.zip
2024-2025,3,28118,Conseil scolaire du Grand Nord,fr,Mathematics,65.0,65%,199.0,0,Grade-3-2024-2025-Achievement-Results.zip
2024-2025,3,29009,Northeastern Catholic DSB,en,Reading,62.0,62%,210.0,0,Grade-3-2024-2025-Achievement-Results.zip
2024-2025,3,29009,Northeastern Catholic DSB,en,Writing,46.0,46%,210.0,0,Grade-3-2024-2025-Achievement-Results.zip
2024-2025,3,29009,Northeastern Catholic DSB,en,Mathematics,49.0,49%,210.0,0,Grade-3-2024-2025-Achievement-Results.zip
2024-2025,3,29017,Nipissing-Parry Sound Catholic DSB,en,Reading,67.0,67%,187.0,0,Grade-3-2024-2025-Achievement-Results.zip
2024-2025,3,29017,Nipissing-Parry Sound Catholic DSB,en,Writing,50.0,50%,189.0,0,Grade-3-2024-2025-Achievement-Results.zip
2024-2025,3,29017,Nipissing-Parry Sound Catholic DSB,en,Mathematics,60.0,60%,189.0,0,Grade-3-2024-2025-Achievement-Results.zip
2024-2025,3,29025,Huron-Superior Catholic DSB,en,Reading,64.0,64%,311.0,0,Grade-3-2024-2025-Achievement-Results.zip
2024-2025,3,29025,Huron-Superior Catholic DSB,en,Writing,53.0,53%,313.0,0,Grade-3-2024-2025-Achievement-Results.zip
2024-2025,3,29025,Huron-Superior Catholic DSB,en,Mathematics,50.0,50%,314.0,0,Grade-3-2024-2025-Achievement-Results.zip
2024-2025,3,29033,Sudbury Catholic DSB,en,Reading,65.0,65%,430.0,0,Grade-3-2024-2025-Achievement-Results.zip
2024-2025,3,29033,Sudbury Catholic DSB,en,Writing,54.0,54%,430.0,0,Grade-3-2024-2025-Achievement-Results.zip
2024-2025,3,29033,Sudbury Catholic DSB,en,Mathematics,42.0,42%,429.0,0,Grade-3-2024-2025-Achievement-Results.zip
2024-2025,3,29041,Northwest Catholic DSB,en,Reading,78.0,78%,121.0,0,Grade-3-2024-2025-Achievement-Results.zip
2024-2025,3,29041,Northwest Catholic DSB,en,Writing,71.0,71%,121.0,0,Grade-3-2024-2025-Achievement-Results.zip
2024-2025,3,29041,Northwest Catholic DSB,en,Mathematics,55.0,55%,121.0,0,Grade-3-2024-2025-Achievement-Results.zip
2024-2025,3,29050,Kenora Catholic DSB,en,Reading,78.0,78%,82.0,0,Grade-3-2024-2025-Achievement-Results.zip
2024-2025,3,29050,Kenora Catholic DSB,en,Writing,73.0,73%,82.0,0,Grade-3-2024-2025-Achievement-Results.zip
2024-2025,3,29050,Kenora Catholic DSB,en,Mathematics,56.0,56%,82.0,0,Grade-3-2024-2025-Achievement-Results.zip
2024-2025,3,29068,Thunder Bay Catholic DSB,en,Reading,78.0,78%,438.0,0,Grade-3-2024-2025-Achievement-Results.zip
2024-2025,3,29068,Thunder Bay Catholic DSB,en,Writing,65.0,65%,438.0,0,Grade-3-2024-2025-Achievement-Results.zip
2024-2025,3,29068,Thunder Bay Catholic DSB,en,Mathematics,62.0,62%,438.0,0,Grade-3-2024-2025-Achievement-Results.zip
2024-2025,3,29076,Superior North Catholic DSB,en,Reading,64.0,64%,80.0,0,Grade-3-2024-2025-Achievement-Results.zip
2024-2025,3,29076,Superior North Catholic DSB,en,Writing,44.0,44%,81.0,0,Grade-3-2024-2025-Achievement-Results.zip
2024-2025,3,29076,Superior North Catholic DSB,en,Mathematics,48.0,48%,81.0,0,Grade-3-2024-2025-Achievement-Results.zip
2024-2025,3,29106,Le C.S.C.D. des Grandes Rivières,fr,Reading,61.0,61%,369.0,0,Grade-3-2024-2025-Achievement-Results.zip
2024-2025,3,29106,Le C.S.C.D. des Grandes Rivières,fr,Writing,49.0,49%,370.0,0,Grade-3-2024-2025-Achievement-Results.zip
2024-2025,3,29106,Le C.S.C.D. des Grandes Rivières,fr,Mathematics,65.0,65%,370.0,0,Grade-3-2024-2025-Achievement-Results.zip
2024-2025,3,29114,Le C.S. catholique Franco-Nord,fr,Reading,62.0,62%,158.0,0,Grade-3-2024-2025-Achievement-Results.zip
2024-2025,3,29114,Le C.S. catholique Franco-Nord,fr,Writing,58.0,58%,158.0,0,Grade-3-2024-2025-Achievement-Results.zip
2024-2025,3,29114,Le C.S. catholique Franco-Nord,fr,Mathematics,75.0,75%,158.0,0,Grade-3-2024-2025-Achievement-Results.zip
2024-2025,3,29122,Conseil scolaire catholique Nouvelon,fr,Reading,57.0,57%,411.0,0,Grade-3-2024-2025-Achievement-Results.zip
2024-2025,3,29122,Conseil scolaire catholique Nouvelon,fr,Writing,53.0,53%,412.0,0,Grade-3-2024-2025-Achievement-Results.zip
2024-2025,3,29122,Conseil scolaire catholique Nouvelon,fr,Mathematics,71.0,71%,413.0,0,Grade-3-2024-2025-Achievement-Results.zip
2024-2025,3,29130,Le C.S.D.C. des Aurores boréales,fr,Reading,63.0,63%,59.0,0,Grade-3-2024-2025-Achievement-Results.zip
2024-2025,3,29130,Le C.S.D.C. des Aurores boréales,fr,Writing,52.0,52%,60.0,0,Grade-3-2024-2025-Achievement-Results.zip
2024-2025,3,29130,Le C.S.D.C. des Aurores boréales,fr,Mathematics,60.0,60%,60.0,0,Grade-3-2024-2025-Achievement-Results.zip
2024-2025,3,66001,Bluewater DSB,en,Reading,68.0,68%,1265.0,0,Grade-3-2024-2025-Achievement-Results.zip
2024-2025,3,66001,Bluewater DSB,en,Writing,57.0,57%,1267.0,0,Grade-3-2024-2025-Achievement-Results.zip
2024-2025,3,66001,Bluewater DSB,en,Mathematics,62.0,62%,1264.0,0,Grade-3-2024-2025-Achievement-Results.zip
2024-2025,3,66010,Avon Maitland DSB,en,Reading,74.0,74%,1044.0,0,Grade-3-2024-2025-Achievement-Results.zip
2024-2025,3,66010,Avon Maitland DSB,en,Writing,64.0,64%,1047.0,0,Grade-3-2024-2025-Achievement-Results.zip
2024-2025,3,66010,Avon Maitland DSB,en,Mathematics,67.0,67%,1047.0,0,Grade-3-2024-2025-Achievement-Results.zip
2024-2025,3,66028,Greater Essex County DSB,en,Reading,73.0,73%,2076.0,0,Grade-3-2024-2025-Achievement-Results.zip
2024-2025,3,66028,Greater Essex County DSB,en,Writing,64.0,64%,2081.0,0,Grade-3-2024-2025-Achievement-Results.zip
2024-2025,3,66028,Greater Essex County DSB,en,Mathematics,62.0,62%,2083.0,0,Grade-3-2024-2025-Achievement-Results.zip
2024-2025,3,66036,Lambton Kent District School Board,en,Reading,70.0,70%,1413.0,0,Grade-3-2024-2025-Achievement-Results.zip
2024-2025,3,66036,Lambton Kent District School Board,en,Writing,55.0,55%,1414.0,0,Grade-3-2024-2025-Achievement-Results.zip
2024-2025,3,66036,Lambton Kent District School Board,en,Mathematics,58.0,58%,1415.0,0,Grade-3-2024-2025-Achievement-Results.zip
2024-2025,3,66044,Thames Valley District School Board,en,Reading,67.0,67%,5368.0,0,Grade-3-2024-2025-Achievement-Results.zip
2024-2025,3,66044,Thames Valley District School Board,en,Writing,56.0,56%,5382.0,0,Grade-3-2024-2025-Achievement-Results.zip
2024-2025,3,66044,Thames Valley District School Board,en,Mathematics,60.0,60%,5379.0,0,Grade-3-2024-2025-Achievement-Results.zip
2024-2025,3,66052,Toronto DSB,en,Reading,71.0,71%,12498.0,0,Grade-3-2024-2025-Achievement-Results.zip
2024-2025,3,66052,Toronto DSB,en,Writing,62.0,62%,12551.0,0,Grade-3-2024-2025-Achievement-Results.zip
2024-2025,3,66052,Toronto DSB,en,Mathematics,61.0,61%,14312.0,0,Grade-3-2024-2025-Achievement-Results.zip
2024-2025,3,66060,Durham DSB,en,Reading,74.0,74%,4529.0,0,Grade-3-2024-2025-Achievement-Results.zip
2024-2025,3,66060,Durham DSB,en,Writing,64.0,64%,4533.0,0,Grade-3-2024-2025-Achievement-Results.zip
2024-2025,3,66060,Durham DSB,en,Mathematics,65.0,65%,5337.0,0,Grade-3-2024-2025-Achievement-Results.zip
2024-2025,3,66079,Kawartha Pine Ridge DSB,en,Reading,73.0,73%,2644.0,0,Grade-3-2024-2025-Achievement-Results.zip
2024-2025,3,66079,Kawartha Pine Ridge DSB,en,Writing,61.0,61%,2652.0,0,Grade-3-2024-2025-Achievement-Results.zip
2024-2025,3,66079,Kawartha Pine Ridge DSB,en,Mathematics,58.0,58%,2651.0,0,Grade-3-2024-2025-Achievement-Results.zip
2024-2025,3,66087,Trillium Lakelands DSB,en,Reading,80.0,80%,1200.0,0,Grade-3-2024-2025-Achievement-Results.zip
2024-2025,3,66087,Trillium Lakelands DSB,en,Writing,69.0,69%,1203.0,0,Grade-3-2024-2025-Achievement-Results.zip
2024-2025,3,66087,Trillium Lakelands DSB,en,Mathematics,72.0,72%,1200.0,0,Grade-3-2024-2025-Achievement-Results.zip
2024-2025,3,66095,York Region DSB,en,Reading,77.0,77%,6388.0,0,Grade-3-2024-2025-Achievement-Results.zip
2024-2025,3,66095,York Region DSB,en,Writing,70.0,70%,6411.0,0,Grade-3-2024-2025-Achievement-Results.zip
2024-2025,3,66095,York Region DSB,en,Mathematics,72.0,72%,7854.0,0,Grade-3-2024-2025-Achievement-Results.zip
2024-2025,3,66109,Simcoe County DSB,en,Reading,70.0,70%,3609.0,0,Grade-3-2024-2025-Achievement-Results.zip
2024-2025,3,66109,Simcoe County DSB,en,Writing,57.0,57%,3622.0,0,Grade-3-2024-2025-Achievement-Results.zip
2024-2025,3,66109,Simcoe County DSB,en,Mathematics,59.0,59%,4019.0,0,Grade-3-2024-2025-Achievement-Results.zip
2024-2025,3,66117,Upper Grand DSB,en,Reading,79.0,79%,2250.0,0,Grade-3-2024-2025-Achievement-Results.zip
2024-2025,3,66117,Upper Grand DSB,en,Writing,69.0,69%,2253.0,0,Grade-3-2024-2025-Achievement-Results.zip
2024-2025,3,66117,Upper Grand DSB,en,Mathematics,68.0,68%,2254.0,0,Grade-3-2024-2025-Achievement-Results.zip
2024-2025,3,66125,Peel District School Board,en,Reading,73.0,73%,8966.0,0,Grade-3-2024-2025-Achievement-Results.zip
2024-2025,3,66125,Peel District School Board,en,Writing,64.0,64%,8989.0,0,Grade-3-2024-2025-Achievement-Results.zip
2024-2025,3,66125,Peel District School Board,en,Mathematics,62.0,62%,8974.0,0,Grade-3-2024-2025-Achievement-Results.zip
2024-2025,3,66133,Halton DSB,en,Reading,80.0,80%,4357.0,0,Grade-3-2024-2025-Achievement-Results.zip
2024-2025,3,66133,Halton DSB,en,Writing,71.0,71%,4365.0,0,Grade-3-2024-2025-Achievement-Results.zip
2024-2025,3,66133,Halton DSB,en,Mathematics,71.0,71%,4370.0,0,Grade-3-2024-2025-Achievement-Results.zip
2024-2025,3,66141,Hamilton-Wentworth DSB,en,Reading,70.0,70%,3401.0,0,Grade-3-2024-2025-Achievement-Results.zip
2024-2025,3,66141,Hamilton-Wentworth DSB,en,Writing,59.0,59%,3402.0,0,Grade-3-2024-2025-Achievement-Results.zip
2024-2025,3,66141,Hamilton-Wentworth DSB,en,Mathematics,54.0,54%,3404.0,0,Grade-3-2024-2025-Achievement-Results.zip
2024-2025,3,66150,DSB of Niagara,en,Reading,87.0,87%,2845.0,0,Grade-3-2024-2025-Achievement-Results.zip
2024-2025,3,66150,DSB of Niagara,en,Writing,80.0,80%,2851.0,0,Grade-3-2024-2025-Achievement-Results.zip
2024-2025,3,66150,DSB of Niagara,en,Mathematics,79.0,79%,2855.0,0,Grade-3-2024-2025-Achievement-Results.zip
2024-2025,3,66168,Grand Erie DSB,en,Reading,70.0,70%,1937.0,0,Grade-3-2024-2025-Achievement-Results.zip
2024-2025,3,66168,Grand Erie DSB,en,Writing,58.0,58%,1938.0,0,Grade-3-2024-2025-Achievement-Results.zip
2024-2025,3,66168,Grand Erie DSB,en,Mathematics,60.0,60%,1940.0,0,Grade-3-2024-2025-Achievement-Results.zip
2024-2025,3,66176,Waterloo Region DSB,en,Reading,72.0,72%,4076.0,0,Grade-3-2024-2025-Achievement-Results.zip
2024-2025,3,66176,Waterloo Region DSB,en,Writing,62.0,62%,4094.0,0,Grade-3-2024-2025-Achievement-Results.zip
2024-2025,3,66176,Waterloo Region DSB,en,Mathematics,62.0,62%,4094.0,0,Grade-3-2024-2025-Achievement-Results.zip
2024-2025,3,66184,Ottawa-Carleton DSB,en,Reading,73.0,73%,4749.0,0,Grade-3-2024-2025-Achievement-Results.zip
2024-2025,3,66184,Ottawa-Carleton DSB,en,Writing,64.0,64%,4753.0,0,Grade-3-2024-2025-Achievement-Results.zip
2024-2025,3,66184,Ottawa-Carleton DSB,en,Mathematics,63.0,63%,4766.0,0,Grade-3-2024-2025-Achievement-Results.zip
2024-2025,3,66192,Upper Canada DSB,en,Reading,71.0,71%,1814.0,0,Grade-3-2024-2025-Achievement-Results.zip
2024-2025,3,66192,Upper Canada DSB,en,Writing,64.0,64%,1816.0,0,Grade-3-2024-2025-Achievement-Results.zip
2024-2025,3,66192,Upper Canada DSB,en,Mathematics,61.0,61%,1812.0,0,Grade-3-2024-2025-Achievement-Results.zip
2024-2025,3,66206,Limestone DSB,en,Reading,75.0,75%,1348.0,0,Grade-3-2024-2025-Achievement-Results.zip
2024-2025,3,66206,Limestone DSB,en,Writing,65.0,65%,1351.0,0,Grade-3-2024-2025-Achievement-Results.zip
2024-2025,3,66206,Limestone DSB,en,Mathematics,65.0,65%,1350.0,0,Grade-3-2024-2025-Achievement-Results.zip
2024-2025,3,66214,Renfrew County DSB,en,Reading,69.0,69%,613.0,0,Grade-3-2024-2025-Achievement-Results.zip
2024-2025,3,66214,Renfrew County DSB,en,Writing,52.0,52%,613.0,0,Grade-3-2024-2025-Achievement-Results.zip
2024-2025,3,66214,Renfrew County DSB,en,Mathematics,51.0,51%,614.0,0,Grade-3-2024-2025-Achievement-Results.zip
2024-2025,3,66222,Hastings and Prince Edward DSB,en,Reading,72.0,72%,1060.0,0,Grade-3-2024-2025-Achievement-Results.zip
2024-2025,3,66222,Hastings and Prince Edward DSB,en,Writing,58.0,58%,1061.0,0,Grade-3-2024-2025-Achievement-Results.zip
2024-2025,3,66222,Hastings and Prince Edward DSB,en,Mathematics,61.0,61%,1059.0,0,Grade-3-2024-2025-Achievement-Results.zip
2024-2025,3,66303,Conseil scolaire Viamonde,fr,Reading,85.0,85%,1090.0,0,Grade-3-2024-2025-Achievement-Results.zip
2024-2025,3,66303,Conseil scolaire Viamonde,fr,Writing,78.0,78%,1090.0,0,Grade-3-2024-2025-Achievement-Results.zip
2024-2025,3,66303,Conseil scolaire Viamonde,fr,Mathematics,85.0,85%,1094.0,0,Grade-3-2024-2025-Achievement-Results.zip
2024-2025,3,66311,Conseil des écoles publiques de l'Est de l'Ontario,fr,Reading,81.0,81%,1350.0,0,Grade-3-2024-2025-Achievement-Results.zip
2024-2025,3,66311,Conseil des écoles publiques de l'Est de l'Ontario,fr,Writing,71.0,71%,1349.0,0,Grade-3-2024-2025-Achievement-Results.zip
2024-2025,3,66311,Conseil des écoles publiques de l'Est de l'Ontario,fr,Mathematics,76.0,76%,1356.0,0,Grade-3-2024-2025-Achievement-Results.zip
2024-2025,3,67008,Bruce-Grey Catholic DSB,en,Reading,79.0,79%,352.0,0,Grade-3-2024-2025-Achievement-Results.zip
2024-2025,3,67008,Bruce-Grey Catholic DSB,en,Writing,62.0,62%,352.0,0,Grade-3-2024-2025-Achievement-Results.zip
2024-2025,3,67008,Bruce-Grey Catholic DSB,en,Mathematics,58.0,58%,353.0,0,Grade-3-2024-2025-Achievement-Results.zip
2024-2025,3,67016,Huron-Perth Catholic DSB,en,Reading,76.0,76%,295.0,0,Grade-3-2024-2025-Achievement-Results.zip
2024-2025,3,67016,Huron-Perth Catholic DSB,en,Writing,73.0,73%,295.0,0,Grade-3-2024-2025-Achievement-Results.zip
2024-2025,3,67016,Huron-Perth Catholic DSB,en,Mathematics,68.0,68%,295.0,0,Grade-3-2024-2025-Achievement-Results.zip
2024-2025,3,67024,Windsor-Essex Catholic DSB,en,Reading,79.0,79%,1343.0,0,Grade-3-2024-2025-Achievement-Results.zip
2024-2025,3,67024,Windsor-Essex Catholic DSB,en,Writing,71.0,71%,1342.0,0,Grade-3-2024-2025-Achievement-Results.zip
2024-2025,3,67024,Windsor-Essex Catholic DSB,en,Mathematics,72.0,72%,1344.0,0,Grade-3-2024-2025-Achievement-Results.zip
2024-2025,3,67032,London District Catholic School Board,en,Reading,76.0,76%,1572.0,0,Grade-3-2024-2025-Achievement-Results.zip
2024-2025,3,67032,London District Catholic School Board,en,Writing,70.0,70%,1574.0,0,Grade-3-2024-2025-Achievement-Results.zip
2024-2025,3,67032,London District Catholic School Board,en,Mathematics,66.0,66%,1575.0,0,Grade-3-2024-2025-Achievement-Results.zip
2024-2025,3,67040,St. Clair Catholic District School Board,en,Reading,77.0,77%,629.0,0,Grade-3-2024-2025-Achievement-Results.zip
2024-2025,3,67040,St. Clair Catholic District School Board,en,Writing,65.0,65%,629.0,0,Grade-3-2024-2025-Achievement-Results.zip
2024-2025,3,67040,St. Clair Catholic District School Board,en,Mathematics,67.0,67%,628.0,0,Grade-3-2024-2025-Achievement-Results.zip
2024-2025,3,67059,Toronto Catholic District School Board,en,Reading,75.0,75%,4726.0,0,Grade-3-2024-2025-Achievement-Results.zip
2024-2025,3,67059,Toronto Catholic District School Board,en,Writing,68.0,68%,4737.0,0,Grade-3-2024-2025-Achievement-Results.zip
2024-2025,3,67059,Toronto Catholic District School Board,en,Mathematics,61.0,61%,5108.0,0,Grade-3-2024-2025-Achievement-Results.zip
2024-2025,3,67067,Peterborough Victoria Northumberland and Clarington CDSB,en,Reading,71.0,71%,936.0,0,Grade-3-2024-2025-Achievement-Results.zip
2024-2025,3,67067,Peterborough Victoria Northumberland and Clarington CDSB,en,Writing,61.0,61%,936.0,0,Grade-3-2024-2025-Achievement-Results.zip
2024-2025,3,67067,Peterborough Victoria Northumberland and Clarington CDSB,en,Mathematics,63.0,63%,937.0,0,Grade-3-2024-2025-Achievement-Results.zip
2024-2025,3,67075,York Catholic DSB,en,Reading,79.0,79%,2429.0,0,Grade-3-2024-2025-Achievement-Results.zip
2024-2025,3,67075,York Catholic DSB,en,Writing,72.0,72%,2432.0,0,Grade-3-2024-2025-Achievement-Results.zip
2024-2025,3,67075,York Catholic DSB,en,Mathematics,69.0,69%,2781.0,0,Grade-3-2024-2025-Achievement-Results.zip
2024-2025,3,67083,Dufferin-Peel Catholic DSB,en,Reading,77.0,77%,3632.0,0,Grade-3-2024-2025-Achievement-Results.zip
2024-2025,3,67083,Dufferin-Peel Catholic DSB,en,Writing,69.0,69%,3638.0,0,Grade-3-2024-2025-Achievement-Results.zip
2024-2025,3,67083,Dufferin-Peel Catholic DSB,en,Mathematics,62.0,62%,3639.0,0,Grade-3-2024-2025-Achievement-Results.zip
2024-2025,3,67091,Simcoe Muskoka Catholic DSB,en,Reading,65.0,65%,1683.0,0,Grade-3-2024-2025-Achievement-Results.zip
2024-2025,3,67091,Simcoe Muskoka Catholic DSB,en,Writing,55.0,55%,1682.0,0,Grade-3-2024-2025-Achievement-Results.zip
2024-2025,3,67091,Simcoe Muskoka Catholic DSB,en,Mathematics,49.0,49%,1680.0,0,Grade-3-2024-2025-Achievement-Results.zip
2024-2025,3,67105,Durham Catholic DSB,en,Reading,75.0,75%,1255.0,0,Grade-3-2024-2025-Achievement-Results.zip
2024-2025,3,67105,Durham Catholic DSB,en,Writing,61.0,61%,1256.0,0,Grade-3-2024-2025-Achievement-Results.zip
2024-2025,3,67105,Durham Catholic DSB,en,Mathematics,60.0,60%,1525.0,0,Grade-3-2024-2025-Achievement-Results.zip
2024-2025,3,67113,Halton Catholic DSB,en,Reading,84.0,84%,2081.0,0,Grade-3-2024-2025-Achievement-Results.zip
2024-2025,3,67113,Halton Catholic DSB,en,Writing,77.0,77%,2081.0,0,Grade-3-2024-2025-Achievement-Results.zip
2024-2025,3,67113,Halton Catholic DSB,en,Mathematics,76.0,76%,2081.0,0,Grade-3-2024-2025-Achievement-Results.zip
2024-2025,3,67121,Hamilton-Wentworth Catholic DSB,en,Reading,82.0,82%,1828.0,0,Grade-3-2024-2025-Achievement-Results.zip
2024-2025,3,67121,Hamilton-Wentworth Catholic DSB,en,Writing,74.0,74%,1832.0,0,Grade-3-2024-2025-Achievement-Results.zip
2024-2025,3,67121,Hamilton-Wentworth Catholic DSB,en,Mathematics,73.0,73%,1835.0,0,Grade-3-2024-2025-Achievement-Results.zip
2024-2025,3,67130,Wellington Catholic DSB,en,Reading,80.0,80%,605.0,0,Grade-3-2024-2025-Achievement-Results.zip
2024-2025,3,67130,Wellington Catholic DSB,en,Writing,70.0,70%,605.0,0,Grade-3-2024-2025-Achievement-Results.zip
2024-2025,3,67130,Wellington Catholic DSB,en,Mathematics,71.0,71%,606.0,0,Grade-3-2024-2025-Achievement-Results.zip
2024-2025,3,67148,Waterloo Catholic DSB,en,Reading,75.0,75%,1778.0,0,Grade-3-2024-2025-Achievement-Results.zip
2024-2025,3,67148,Waterloo Catholic DSB,en,Writing,65.0,65%,1782.0,0,Grade-3-2024-2025-Achievement-Results.zip
2024-2025,3,67148,Waterloo Catholic DSB,en,Mathematics,65.0,65%,1788.0,0,Grade-3-2024-2025-Achievement-Results.zip
2024-2025,3,67156,Niagara Catholic DSB,en,Reading,84.0,84%,1257.0,0,Grade-3-2024-2025-Achievement-Results.zip
2024-2025,3,67156,Niagara Catholic DSB,en,Writing,77.0,77%,1259.0,0,Grade-3-2024-2025-Achievement-Results.zip
2024-2025,3,67156,Niagara Catholic DSB,en,Mathematics,76.0,76%,1359.0,0,Grade-3-2024-2025-Achievement-Results.zip
2024-2025,3,67164,Brant Haldimand Norfolk Catholic DSB,en,Reading,77.0,77%,885.0,0,Grade-3-2024-2025-Achievement-Results.zip
2024-2025,3,67164,Brant Haldimand Norfolk Catholic DSB,en,Writing,65.0,65%,887.0,0,Grade-3-2024-2025-Achievement-Results.zip
2024-2025,3,67164,Brant Haldimand Norfolk Catholic DSB,en,Mathematics,63.0,63%,886.0,0,Grade-3-2024-2025-Achievement-Results.zip
2024-2025,3,67172,Catholic DSB of Eastern Ontario,en,Reading,72.0,72%,942.0,0,Grade-3-2024-2025-Achievement-Results.zip
2024-2025,3,67172,Catholic DSB of Eastern Ontario,en,Writing,58.0,58%,942.0,0,Grade-3-2024-2025-Achievement-Results.zip
2024-2025,3,67172,Catholic DSB of Eastern Ontario,en,Mathematics,55.0,55%,940.0,0,Grade-3-2024-2025-Achievement-Results.zip
2024-2025,3,67180,Ottawa Catholic District School Board,en,Reading,82.0,82%,2996.0,0,Grade-3-2024-2025-Achievement-Results.zip
2024-2025,3,67180,Ottawa Catholic District School Board,en,Writing,73.0,73%,2996.0,0,Grade-3-2024-2025-Achievement-Results.zip
2024-2025,3,67180,Ottawa Catholic District School Board,en,Mathematics,70.0,70%,3004.0,0,Grade-3-2024-2025-Achievement-Results.zip
2024-2025,3,67199,Renfrew County Catholic DSB,en,Reading,86.0,86%,354.0,0,Grade-3-2024-2025-Achievement-Results.zip
2024-2025,3,67199,Renfrew County Catholic DSB,en,Writing,72.0,72%,354.0,0,Grade-3-2024-2025-Achievement-Results.zip
2024-2025,3,67199,Renfrew County Catholic DSB,en,Mathematics,78.0,78%,354.0,0,Grade-3-2024-2025-Achievement-Results.zip
2024-2025,3,67202,Algonquin and Lakeshore Catholic DSB,en,Reading,73.0,73%,780.0,0,Grade-3-2024-2025-Achievement-Results.zip
2024-2025,3,67202,Algonquin and Lakeshore Catholic DSB,en,Writing,58.0,58%,780.0,0,Grade-3-2024-2025-Achievement-Results.zip
2024-2025,3,67202,Algonquin and Lakeshore Catholic DSB,en,Mathematics,56.0,56%,778.0,0,Grade-3-2024-2025-Achievement-Results.zip
2024-2025,3,67300,Conseil scolaire catholique Providence,fr,Reading,68.0,68%,711.0,0,Grade-3-2024-2025-Achievement-Results.zip
2024-2025,3,67300,Conseil scolaire catholique Providence,fr,Writing,62.0,62%,711.0,0,Grade-3-2024-2025-Achievement-Results.zip
2024-2025,3,67300,Conseil scolaire catholique Providence,fr,Mathematics,69.0,69%,710.0,0,Grade-3-2024-2025-Achievement-Results.zip
2024-2025,3,67318,Le Conseil scolaire catholique MonAvenir,fr,Reading,77.0,77%,1120.0,0,Grade-3-2024-2025-Achievement-Results.zip
2024-2025,3,67318,Le Conseil scolaire catholique MonAvenir,fr,Writing,69.0,69%,1115.0,0,Grade-3-2024-2025-Achievement-Results.zip
2024-2025,3,67318,Le Conseil scolaire catholique MonAvenir,fr,Mathematics,74.0,74%,1119.0,0,Grade-3-2024-2025-Achievement-Results.zip
2024-2025,3,67326,Le C.S.D.C. de l'Est ontarien,fr,Reading,72.0,72%,803.0,0,Grade-3-2024-2025-Achievement-Results.zip
2024-2025,3,67326,Le C.S.D.C. de l'Est ontarien,fr,Writing,59.0,59%,808.0,0,Grade-3-2024-2025-Achievement-Results.zip
2024-2025,3,67326,Le C.S.D.C. de l'Est ontarien,fr,Mathematics,69.0,69%,811.0,0,Grade-3-2024-2025-Achievement-Results.zip
2024-2025,3,67334,Conseil des écoles catholiques du Centre-Est (CECCE),fr,Reading,81.0,81%,2084.0,0,Grade-3-2024-2025-Achievement-Results.zip
2024-2025,3,67334,Conseil des écoles catholiques du Centre-Est (CECCE),fr,Writing,74.0,74%,2096.0,0,Grade-3-2024-2025-Achievement-Results.zip
2024-2025,3,67334,Conseil des écoles catholiques du Centre-Est (CECCE),fr,Mathematics,78.0,78%,2104.0,0,Grade-3-2024-2025-Achievement-Results.zip
2024-2025,3,76686,Provincial Schools,en,Reading,27.0,27%,11.0,0,Grade-3-2024-2025-Achievement-Results.zip
2024-2025,3,76686,Provincial Schools,en,Writing,9.0,9%,11.0,0,Grade-3-2024-2025-Achievement-Results.zip
2024-2025,3,76686,Provincial Schools,en,Mathematics,10.0,10%,10.0,0,Grade-3-2024-2025-Achievement-Results.zip
2024-2025,3,79910,Penetanguishene Protestant SSB,en,Reading,89.0,89%,38.0,0,Grade-3-2024-2025-Achievement-Results.zip
2024-2025,3,79910,Penetanguishene Protestant SSB,en,Writing,82.0,82%,38.0,0,Grade-3-2024-2025-Achievement-Results.zip
2024-2025,3,79910,Penetanguishene Protestant SSB,en,Mathematics,87.0,87%,38.0,0,Grade-3-2024-2025-Achievement-Results.zip
2025-2026,3,15199,Moose Factory Island DSAB,en,Reading,13.0,13%,23.0,0,Grade-3-2025-2026-Achievement-Results.zip
2025-2026,3,15199,Moose Factory Island DSAB,en,Writing,5.0,5%,22.0,0,Grade-3-2025-2026-Achievement-Results.zip
2025-2026,3,15199,Moose Factory Island DSAB,en,Mathematics,0.0,0%,21.0,0,Grade-3-2025-2026-Achievement-Results.zip
2025-2026,3,15202,Moosonee DSAB,en,Reading,82.0,82%,17.0,0,Grade-3-2025-2026-Achievement-Results.zip
2025-2026,3,15202,Moosonee DSAB,en,Writing,41.0,41%,17.0,0,Grade-3-2025-2026-Achievement-Results.zip
2025-2026,3,15202,Moosonee DSAB,en,Mathematics,41.0,41%,17.0,0,Grade-3-2025-2026-Achievement-Results.zip
2025-2026,3,28002,DSB Ontario North East,en,Reading,51.0,51%,271.0,0,Grade-3-2025-2026-Achievement-Results.zip
2025-2026,3,28002,DSB Ontario North East,en,Writing,36.0,36%,274.0,0,Grade-3-2025-2026-Achievement-Results.zip
2025-2026,3,28002,DSB Ontario North East,en,Mathematics,45.0,45%,407.0,0,Grade-3-2025-2026-Achievement-Results.zip
2025-2026,3,28010,Algoma DSB,en,Reading,65.0,65%,590.0,0,Grade-3-2025-2026-Achievement-Results.zip
2025-2026,3,28010,Algoma DSB,en,Writing,55.0,55%,594.0,0,Grade-3-2025-2026-Achievement-Results.zip
2025-2026,3,28010,Algoma DSB,en,Mathematics,51.0,51%,684.0,0,Grade-3-2025-2026-Achievement-Results.zip
2025-2026,3,28029,Rainbow District School Board,en,Reading,76.0,76%,864.0,0,Grade-3-2025-2026-Achievement-Results.zip
2025-2026,3,28029,Rainbow District School Board,en,Writing,68.0,68%,863.0,0,Grade-3-2025-2026-Achievement-Results.zip
2025-2026,3,28029,Rainbow District School Board,en,Mathematics,66.0,66%,862.0,0,Grade-3-2025-2026-Achievement-Results.zip
2025-2026,3,28037,Near North DSB,en,Reading,72.0,72%,666.0,0,Grade-3-2025-2026-Achievement-Results.zip
2025-2026,3,28037,Near North DSB,en,Writing,59.0,59%,667.0,0,Grade-3-2025-2026-Achievement-Results.zip
2025-2026,3,28037,Near North DSB,en,Mathematics,55.0,55%,671.0,0,Grade-3-2025-2026-Achievement-Results.zip
2025-2026,3,28045,Keewatin-Patricia DSB,en,Reading,83.0,83%,269.0,0,Grade-3-2025-2026-Achievement-Results.zip
2025-2026,3,28045,Keewatin-Patricia DSB,en,Writing,72.0,72%,268.0,0,Grade-3-2025-2026-Achievement-Results.zip
2025-2026,3,28045,Keewatin-Patricia DSB,en,Mathematics,69.0,69%,270.0,0,Grade-3-2025-2026-Achievement-Results.zip
2025-2026,3,28053,Rainy River DSB,en,Reading,71.0,71%,136.0,0,Grade-3-2025-2026-Achievement-Results.zip
2025-2026,3,28053,Rainy River DSB,en,Writing,59.0,59%,137.0,0,Grade-3-2025-2026-Achievement-Results.zip
2025-2026,3,28053,Rainy River DSB,en,Mathematics,56.0,56%,137.0,0,Grade-3-2025-2026-Achievement-Results.zip
2025-2026,3,28061,Lakehead DSB,en,Reading,84.0,84%,629.0,0,Grade-3-2025-2026-Achievement-Results.zip
2025-2026,3,28061,Lakehead DSB,en,Writing,73.0,73%,630.0,0,Grade-3-2025-2026-Achievement-Results.zip
2025-2026,3,28061,Lakehead DSB,en,Mathematics,75.0,75%,630.0,0,Grade-3-2025-2026-Achievement-Results.zip
2025-2026,3,28070,Superior-Greenstone DSB,en,Reading,64.0,64%,72.0,0,Grade-3-2025-2026-Achievement-Results.zip
2025-2026,3,28070,Superior-Greenstone DSB,en,Writing,43.0,43%,72.0,0,Grade-3-2025-2026-Achievement-Results.zip
2025-2026,3,28070,Superior-Greenstone DSB,en,Mathematics,42.0,42%,72.0,0,Grade-3-2025-2026-Achievement-Results.zip
2025-2026,3,28100,Le C.S. public du Nord-Est de l'Ontario,fr,Reading,63.0,63%,164.0,0,Grade-3-2025-2026-Achievement-Results.zip
2025-2026,3,28100,Le C.S. public du Nord-Est de l'Ontario,fr,Writing,59.0,59%,164.0,0,Grade-3-2025-2026-Achievement-Results.zip
2025-2026,3,28100,Le C.S. public du Nord-Est de l'Ontario,fr,Mathematics,69.0,69%,164.0,0,Grade-3-2025-2026-Achievement-Results.zip
2025-2026,3,28118,Conseil scolaire du Grand Nord,fr,Reading,64.0,64%,186.0,0,Grade-3-2025-2026-Achievement-Results.zip
2025-2026,3,28118,Conseil scolaire du Grand Nord,fr,Writing,51.0,51%,186.0,0,Grade-3-2025-2026-Achievement-Results.zip
2025-2026,3,28118,Conseil scolaire du Grand Nord,fr,Mathematics,65.0,65%,187.0,0,Grade-3-2025-2026-Achievement-Results.zip
2025-2026,3,29009,Northeastern Catholic DSB,en,Reading,60.0,60%,178.0,0,Grade-3-2025-2026-Achievement-Results.zip
2025-2026,3,29009,Northeastern Catholic DSB,en,Writing,47.0,47%,179.0,0,Grade-3-2025-2026-Achievement-Results.zip
2025-2026,3,29009,Northeastern Catholic DSB,en,Mathematics,50.0,50%,179.0,0,Grade-3-2025-2026-Achievement-Results.zip
2025-2026,3,29017,Nipissing-Parry Sound Catholic DSB,en,Reading,71.0,71%,201.0,0,Grade-3-2025-2026-Achievement-Results.zip
2025-2026,3,29017,Nipissing-Parry Sound Catholic DSB,en,Writing,50.0,50%,201.0,0,Grade-3-2025-2026-Achievement-Results.zip
2025-2026,3,29017,Nipissing-Parry Sound Catholic DSB,en,Mathematics,47.0,47%,203.0,0,Grade-3-2025-2026-Achievement-Results.zip
2025-2026,3,29025,Huron-Superior Catholic DSB,en,Reading,66.0,66%,332.0,0,Grade-3-2025-2026-Achievement-Results.zip
2025-2026,3,29025,Huron-Superior Catholic DSB,en,Writing,56.0,56%,332.0,0,Grade-3-2025-2026-Achievement-Results.zip
2025-2026,3,29025,Huron-Superior Catholic DSB,en,Mathematics,52.0,52%,332.0,0,Grade-3-2025-2026-Achievement-Results.zip
2025-2026,3,29033,Sudbury Catholic DSB,en,Reading,70.0,70%,387.0,0,Grade-3-2025-2026-Achievement-Results.zip
2025-2026,3,29033,Sudbury Catholic DSB,en,Writing,57.0,57%,387.0,0,Grade-3-2025-2026-Achievement-Results.zip
2025-2026,3,29033,Sudbury Catholic DSB,en,Mathematics,47.0,47%,390.0,0,Grade-3-2025-2026-Achievement-Results.zip
2025-2026,3,29041,Northwest Catholic DSB,en,Reading,69.0,69%,109.0,0,Grade-3-2025-2026-Achievement-Results.zip
2025-2026,3,29041,Northwest Catholic DSB,en,Writing,61.0,61%,110.0,0,Grade-3-2025-2026-Achievement-Results.zip
2025-2026,3,29041,Northwest Catholic DSB,en,Mathematics,59.0,59%,109.0,0,Grade-3-2025-2026-Achievement-Results.zip
2025-2026,3,29050,Kenora Catholic DSB,en,Reading,79.0,79%,110.0,0,Grade-3-2025-2026-Achievement-Results.zip
2025-2026,3,29050,Kenora Catholic DSB,en,Writing,72.0,72%,110.0,0,Grade-3-2025-2026-Achievement-Results.zip
2025-2026,3,29050,Kenora Catholic DSB,en,Mathematics,67.0,67%,110.0,0,Grade-3-2025-2026-Achievement-Results.zip
2025-2026,3,29068,Thunder Bay Catholic DSB,en,Reading,81.0,81%,395.0,0,Grade-3-2025-2026-Achievement-Results.zip
2025-2026,3,29068,Thunder Bay Catholic DSB,en,Writing,69.0,69%,394.0,0,Grade-3-2025-2026-Achievement-Results.zip
2025-2026,3,29068,Thunder Bay Catholic DSB,en,Mathematics,66.0,66%,394.0,0,Grade-3-2025-2026-Achievement-Results.zip
2025-2026,3,29076,Superior North Catholic DSB,en,Reading,59.0,59%,79.0,0,Grade-3-2025-2026-Achievement-Results.zip
2025-2026,3,29076,Superior North Catholic DSB,en,Writing,42.0,42%,79.0,0,Grade-3-2025-2026-Achievement-Results.zip
2025-2026,3,29076,Superior North Catholic DSB,en,Mathematics,36.0,36%,77.0,0,Grade-3-2025-2026-Achievement-Results.zip
2025-2026,3,29106,Le C.S.C.D. des Grandes Rivières,fr,Reading,47.0,47%,391.0,0,Grade-3-2025-2026-Achievement-Results.zip
2025-2026,3,29106,Le C.S.C.D. des Grandes Rivières,fr,Writing,44.0,44%,391.0,0,Grade-3-2025-2026-Achievement-Results.zip
2025-2026,3,29106,Le C.S.C.D. des Grandes Rivières,fr,Mathematics,61.0,61%,391.0,0,Grade-3-2025-2026-Achievement-Results.zip
2025-2026,3,29114,Le C.S. catholique Franco-Nord,fr,Reading,49.0,49%,149.0,0,Grade-3-2025-2026-Achievement-Results.zip
2025-2026,3,29114,Le C.S. catholique Franco-Nord,fr,Writing,51.0,51%,149.0,0,Grade-3-2025-2026-Achievement-Results.zip
2025-2026,3,29114,Le C.S. catholique Franco-Nord,fr,Mathematics,64.0,64%,149.0,0,Grade-3-2025-2026-Achievement-Results.zip
2025-2026,3,29122,Conseil scolaire catholique Nouvelon,fr,Reading,54.0,54%,379.0,0,Grade-3-2025-2026-Achievement-Results.zip
2025-2026,3,29122,Conseil scolaire catholique Nouvelon,fr,Writing,47.0,47%,380.0,0,Grade-3-2025-2026-Achievement-Results.zip
2025-2026,3,29122,Conseil scolaire catholique Nouvelon,fr,Mathematics,64.0,64%,380.0,0,Grade-3-2025-2026-Achievement-Results.zip
2025-2026,3,29130,Le C.S.D.C. des Aurores boréales,fr,Reading,64.0,64%,66.0,0,Grade-3-2025-2026-Achievement-Results.zip
2025-2026,3,29130,Le C.S.D.C. des Aurores boréales,fr,Writing,64.0,64%,66.0,0,Grade-3-2025-2026-Achievement-Results.zip
2025-2026,3,29130,Le C.S.D.C. des Aurores boréales,fr,Mathematics,70.0,70%,66.0,0,Grade-3-2025-2026-Achievement-Results.zip
2025-2026,3,66001,Bluewater DSB,en,Reading,68.0,68%,1266.0,0,Grade-3-2025-2026-Achievement-Results.zip
2025-2026,3,66001,Bluewater DSB,en,Writing,57.0,57%,1271.0,0,Grade-3-2025-2026-Achievement-Results.zip
2025-2026,3,66001,Bluewater DSB,en,Mathematics,59.0,59%,1272.0,0,Grade-3-2025-2026-Achievement-Results.zip
2025-2026,3,66010,Avon Maitland DSB,en,Reading,79.0,79%,986.0,0,Grade-3-2025-2026-Achievement-Results.zip
2025-2026,3,66010,Avon Maitland DSB,en,Writing,68.0,68%,986.0,0,Grade-3-2025-2026-Achievement-Results.zip
2025-2026,3,66010,Avon Maitland DSB,en,Mathematics,69.0,69%,988.0,0,Grade-3-2025-2026-Achievement-Results.zip
2025-2026,3,66028,Greater Essex County DSB,en,Reading,72.0,72%,2041.0,0,Grade-3-2025-2026-Achievement-Results.zip
2025-2026,3,66028,Greater Essex County DSB,en,Writing,64.0,64%,2048.0,0,Grade-3-2025-2026-Achievement-Results.zip
2025-2026,3,66028,Greater Essex County DSB,en,Mathematics,60.0,60%,2049.0,0,Grade-3-2025-2026-Achievement-Results.zip
2025-2026,3,66036,Lambton Kent District School Board,en,Reading,65.0,65%,1474.0,0,Grade-3-2025-2026-Achievement-Results.zip
2025-2026,3,66036,Lambton Kent District School Board,en,Writing,53.0,53%,1477.0,0,Grade-3-2025-2026-Achievement-Results.zip
2025-2026,3,66036,Lambton Kent District School Board,en,Mathematics,55.0,55%,1476.0,0,Grade-3-2025-2026-Achievement-Results.zip
2025-2026,3,66044,Thames Valley District School Board,en,Reading,69.0,69%,5333.0,0,Grade-3-2025-2026-Achievement-Results.zip
2025-2026,3,66044,Thames Valley District School Board,en,Writing,60.0,60%,5343.0,0,Grade-3-2025-2026-Achievement-Results.zip
2025-2026,3,66044,Thames Valley District School Board,en,Mathematics,62.0,62%,5349.0,0,Grade-3-2025-2026-Achievement-Results.zip
2025-2026,3,66052,Toronto DSB,en,Reading,74.0,74%,12265.0,0,Grade-3-2025-2026-Achievement-Results.zip
2025-2026,3,66052,Toronto DSB,en,Writing,67.0,67%,12276.0,0,Grade-3-2025-2026-Achievement-Results.zip
2025-2026,3,66052,Toronto DSB,en,Mathematics,66.0,66%,13994.0,0,Grade-3-2025-2026-Achievement-Results.zip
2025-2026,3,66060,Durham DSB,en,Reading,73.0,73%,4602.0,0,Grade-3-2025-2026-Achievement-Results.zip
2025-2026,3,66060,Durham DSB,en,Writing,66.0,66%,4607.0,0,Grade-3-2025-2026-Achievement-Results.zip
2025-2026,3,66060,Durham DSB,en,Mathematics,64.0,64%,5388.0,0,Grade-3-2025-2026-Achievement-Results.zip
2025-2026,3,66079,Kawartha Pine Ridge DSB,en,Reading,72.0,72%,2530.0,0,Grade-3-2025-2026-Achievement-Results.zip
2025-2026,3,66079,Kawartha Pine Ridge DSB,en,Writing,62.0,62%,2536.0,0,Grade-3-2025-2026-Achievement-Results.zip
2025-2026,3,66079,Kawartha Pine Ridge DSB,en,Mathematics,60.0,60%,2532.0,0,Grade-3-2025-2026-Achievement-Results.zip
2025-2026,3,66087,Trillium Lakelands DSB,en,Reading,84.0,84%,1181.0,0,Grade-3-2025-2026-Achievement-Results.zip
2025-2026,3,66087,Trillium Lakelands DSB,en,Writing,76.0,76%,1182.0,0,Grade-3-2025-2026-Achievement-Results.zip
2025-2026,3,66087,Trillium Lakelands DSB,en,Mathematics,80.0,80%,1182.0,0,Grade-3-2025-2026-Achievement-Results.zip
2025-2026,3,66095,York Region DSB,en,Reading,76.0,76%,6416.0,0,Grade-3-2025-2026-Achievement-Results.zip
2025-2026,3,66095,York Region DSB,en,Writing,71.0,71%,6430.0,0,Grade-3-2025-2026-Achievement-Results.zip
2025-2026,3,66095,York Region DSB,en,Mathematics,71.0,71%,7746.0,0,Grade-3-2025-2026-Achievement-Results.zip
2025-2026,3,66109,Simcoe County DSB,en,Reading,70.0,70%,3590.0,0,Grade-3-2025-2026-Achievement-Results.zip
2025-2026,3,66109,Simcoe County DSB,en,Writing,59.0,59%,3594.0,0,Grade-3-2025-2026-Achievement-Results.zip
2025-2026,3,66109,Simcoe County DSB,en,Mathematics,61.0,61%,3944.0,0,Grade-3-2025-2026-Achievement-Results.zip
2025-2026,3,66117,Upper Grand DSB,en,Reading,81.0,81%,2196.0,0,Grade-3-2025-2026-Achievement-Results.zip
2025-2026,3,66117,Upper Grand DSB,en,Writing,71.0,71%,2201.0,0,Grade-3-2025-2026-Achievement-Results.zip
2025-2026,3,66117,Upper Grand DSB,en,Mathematics,70.0,70%,2197.0,0,Grade-3-2025-2026-Achievement-Results.zip
2025-2026,3,66125,Peel District School Board,en,Reading,76.0,76%,8676.0,0,Grade-3-2025-2026-Achievement-Results.zip
2025-2026,3,66125,Peel District School Board,en,Writing,70.0,70%,8697.0,0,Grade-3-2025-2026-Achievement-Results.zip
2025-2026,3,66125,Peel District School Board,en,Mathematics,65.0,65%,8692.0,0,Grade-3-2025-2026-Achievement-Results.zip
2025-2026,3,66133,Halton DSB,en,Reading,80.0,80%,4263.0,0,Grade-3-2025-2026-Achievement-Results.zip
2025-2026,3,66133,Halton DSB,en,Writing,74.0,74%,4265.0,0,Grade-3-2025-2026-Achievement-Results.zip
2025-2026,3,66133,Halton DSB,en,Mathematics,71.0,71%,4266.0,0,Grade-3-2025-2026-Achievement-Results.zip
2025-2026,3,66141,Hamilton-Wentworth DSB,en,Reading,70.0,70%,3495.0,0,Grade-3-2025-2026-Achievement-Results.zip
2025-2026,3,66141,Hamilton-Wentworth DSB,en,Writing,61.0,61%,3513.0,0,Grade-3-2025-2026-Achievement-Results.zip
2025-2026,3,66141,Hamilton-Wentworth DSB,en,Mathematics,56.0,56%,3517.0,0,Grade-3-2025-2026-Achievement-Results.zip
2025-2026,3,66150,DSB of Niagara,en,Reading,86.0,86%,2810.0,0,Grade-3-2025-2026-Achievement-Results.zip
2025-2026,3,66150,DSB of Niagara,en,Writing,80.0,80%,2807.0,0,Grade-3-2025-2026-Achievement-Results.zip
2025-2026,3,66150,DSB of Niagara,en,Mathematics,81.0,81%,2813.0,0,Grade-3-2025-2026-Achievement-Results.zip
2025-2026,3,66168,Grand Erie DSB,en,Reading,69.0,69%,1873.0,0,Grade-3-2025-2026-Achievement-Results.zip
2025-2026,3,66168,Grand Erie DSB,en,Writing,59.0,59%,1873.0,0,Grade-3-2025-2026-Achievement-Results.zip
2025-2026,3,66168,Grand Erie DSB,en,Mathematics,64.0,64%,1872.0,0,Grade-3-2025-2026-Achievement-Results.zip
2025-2026,3,66176,Waterloo Region DSB,en,Reading,70.0,70%,3929.0,0,Grade-3-2025-2026-Achievement-Results.zip
2025-2026,3,66176,Waterloo Region DSB,en,Writing,62.0,62%,3936.0,0,Grade-3-2025-2026-Achievement-Results.zip
2025-2026,3,66176,Waterloo Region DSB,en,Mathematics,61.0,61%,3939.0,0,Grade-3-2025-2026-Achievement-Results.zip
2025-2026,3,66184,Ottawa-Carleton DSB,en,Reading,73.0,73%,4656.0,0,Grade-3-2025-2026-Achievement-Results.zip
2025-2026,3,66184,Ottawa-Carleton DSB,en,Writing,64.0,64%,4666.0,0,Grade-3-2025-2026-Achievement-Results.zip
2025-2026,3,66184,Ottawa-Carleton DSB,en,Mathematics,62.0,62%,4681.0,0,Grade-3-2025-2026-Achievement-Results.zip
2025-2026,3,66192,Upper Canada DSB,en,Reading,77.0,77%,1823.0,0,Grade-3-2025-2026-Achievement-Results.zip
2025-2026,3,66192,Upper Canada DSB,en,Writing,71.0,71%,1824.0,0,Grade-3-2025-2026-Achievement-Results.zip
2025-2026,3,66192,Upper Canada DSB,en,Mathematics,69.0,69%,1823.0,0,Grade-3-2025-2026-Achievement-Results.zip
2025-2026,3,66206,Limestone DSB,en,Reading,77.0,77%,1257.0,0,Grade-3-2025-2026-Achievement-Results.zip
2025-2026,3,66206,Limestone DSB,en,Writing,68.0,68%,1259.0,0,Grade-3-2025-2026-Achievement-Results.zip
2025-2026,3,66206,Limestone DSB,en,Mathematics,66.0,66%,1258.0,0,Grade-3-2025-2026-Achievement-Results.zip
2025-2026,3,66214,Renfrew County DSB,en,Reading,68.0,68%,607.0,0,Grade-3-2025-2026-Achievement-Results.zip
2025-2026,3,66214,Renfrew County DSB,en,Writing,58.0,58%,608.0,0,Grade-3-2025-2026-Achievement-Results.zip
2025-2026,3,66214,Renfrew County DSB,en,Mathematics,53.0,53%,608.0,0,Grade-3-2025-2026-Achievement-Results.zip
2025-2026,3,66222,Hastings and Prince Edward DSB,en,Reading,69.0,69%,1024.0,0,Grade-3-2025-2026-Achievement-Results.zip
2025-2026,3,66222,Hastings and Prince Edward DSB,en,Writing,59.0,59%,1026.0,0,Grade-3-2025-2026-Achievement-Results.zip
2025-2026,3,66222,Hastings and Prince Edward DSB,en,Mathematics,58.0,58%,1027.0,0,Grade-3-2025-2026-Achievement-Results.zip
2025-2026,3,66303,Conseil scolaire Viamonde,fr,Reading,85.0,85%,1089.0,0,Grade-3-2025-2026-Achievement-Results.zip
2025-2026,3,66303,Conseil scolaire Viamonde,fr,Writing,80.0,80%,1087.0,0,Grade-3-2025-2026-Achievement-Results.zip
2025-2026,3,66303,Conseil scolaire Viamonde,fr,Mathematics,87.0,87%,1093.0,0,Grade-3-2025-2026-Achievement-Results.zip
2025-2026,3,66311,Conseil des écoles publiques de l'Est de l'Ontario,fr,Reading,78.0,78%,1390.0,0,Grade-3-2025-2026-Achievement-Results.zip
2025-2026,3,66311,Conseil des écoles publiques de l'Est de l'Ontario,fr,Writing,74.0,74%,1389.0,0,Grade-3-2025-2026-Achievement-Results.zip
2025-2026,3,66311,Conseil des écoles publiques de l'Est de l'Ontario,fr,Mathematics,76.0,76%,1397.0,0,Grade-3-2025-2026-Achievement-Results.zip
2025-2026,3,67008,Bruce-Grey Catholic DSB,en,Reading,73.0,73%,347.0,0,Grade-3-2025-2026-Achievement-Results.zip
2025-2026,3,67008,Bruce-Grey Catholic DSB,en,Writing,61.0,61%,346.0,0,Grade-3-2025-2026-Achievement-Results.zip
2025-2026,3,67008,Bruce-Grey Catholic DSB,en,Mathematics,59.0,59%,347.0,0,Grade-3-2025-2026-Achievement-Results.zip
2025-2026,3,67016,Huron-Perth Catholic DSB,en,Reading,85.0,85%,325.0,0,Grade-3-2025-2026-Achievement-Results.zip
2025-2026,3,67016,Huron-Perth Catholic DSB,en,Writing,78.0,78%,325.0,0,Grade-3-2025-2026-Achievement-Results.zip
2025-2026,3,67016,Huron-Perth Catholic DSB,en,Mathematics,78.0,78%,325.0,0,Grade-3-2025-2026-Achievement-Results.zip
2025-2026,3,67024,Windsor-Essex Catholic DSB,en,Reading,78.0,78%,1336.0,0,Grade-3-2025-2026-Achievement-Results.zip
2025-2026,3,67024,Windsor-Essex Catholic DSB,en,Writing,73.0,73%,1337.0,0,Grade-3-2025-2026-Achievement-Results.zip
2025-2026,3,67024,Windsor-Essex Catholic DSB,en,Mathematics,72.0,72%,1336.0,0,Grade-3-2025-2026-Achievement-Results.zip
2025-2026,3,67032,London District Catholic School Board,en,Reading,79.0,79%,1545.0,0,Grade-3-2025-2026-Achievement-Results.zip
2025-2026,3,67032,London District Catholic School Board,en,Writing,73.0,73%,1546.0,0,Grade-3-2025-2026-Achievement-Results.zip
2025-2026,3,67032,London District Catholic School Board,en,Mathematics,69.0,69%,1549.0,0,Grade-3-2025-2026-Achievement-Results.zip
2025-2026,3,67040,St. Clair Catholic District School Board,en,Reading,79.0,79%,574.0,0,Grade-3-2025-2026-Achievement-Results.zip
2025-2026,3,67040,St. Clair Catholic District School Board,en,Writing,70.0,70%,575.0,0,Grade-3-2025-2026-Achievement-Results.zip
2025-2026,3,67040,St. Clair Catholic District School Board,en,Mathematics,75.0,75%,574.0,0,Grade-3-2025-2026-Achievement-Results.zip
2025-2026,3,67059,Toronto Catholic District School Board,en,Reading,75.0,75%,4638.0,0,Grade-3-2025-2026-Achievement-Results.zip
2025-2026,3,67059,Toronto Catholic District School Board,en,Writing,68.0,68%,4648.0,0,Grade-3-2025-2026-Achievement-Results.zip
2025-2026,3,67059,Toronto Catholic District School Board,en,Mathematics,62.0,62%,5024.0,0,Grade-3-2025-2026-Achievement-Results.zip
2025-2026,3,67067,Peterborough Victoria Northumberland and Clarington CDSB,en,Reading,77.0,77%,953.0,0,Grade-3-2025-2026-Achievement-Results.zip
2025-2026,3,67067,Peterborough Victoria Northumberland and Clarington CDSB,en,Writing,66.0,66%,954.0,0,Grade-3-2025-2026-Achievement-Results.zip
2025-2026,3,67067,Peterborough Victoria Northumberland and Clarington CDSB,en,Mathematics,65.0,65%,955.0,0,Grade-3-2025-2026-Achievement-Results.zip
2025-2026,3,67075,York Catholic DSB,en,Reading,79.0,79%,2330.0,0,Grade-3-2025-2026-Achievement-Results.zip
2025-2026,3,67075,York Catholic DSB,en,Writing,72.0,72%,2331.0,0,Grade-3-2025-2026-Achievement-Results.zip
2025-2026,3,67075,York Catholic DSB,en,Mathematics,67.0,67%,2649.0,0,Grade-3-2025-2026-Achievement-Results.zip
2025-2026,3,67083,Dufferin-Peel Catholic DSB,en,Reading,79.0,79%,3494.0,0,Grade-3-2025-2026-Achievement-Results.zip
2025-2026,3,67083,Dufferin-Peel Catholic DSB,en,Writing,69.0,69%,3502.0,0,Grade-3-2025-2026-Achievement-Results.zip
2025-2026,3,67083,Dufferin-Peel Catholic DSB,en,Mathematics,66.0,66%,3503.0,0,Grade-3-2025-2026-Achievement-Results.zip
2025-2026,3,67091,Simcoe Muskoka Catholic DSB,en,Reading,72.0,72%,1692.0,0,Grade-3-2025-2026-Achievement-Results.zip
2025-2026,3,67091,Simcoe Muskoka Catholic DSB,en,Writing,62.0,62%,1694.0,0,Grade-3-2025-2026-Achievement-Results.zip
2025-2026,3,67091,Simcoe Muskoka Catholic DSB,en,Mathematics,55.0,55%,1694.0,0,Grade-3-2025-2026-Achievement-Results.zip
2025-2026,3,67105,Durham Catholic DSB,en,Reading,72.0,72%,1275.0,0,Grade-3-2025-2026-Achievement-Results.zip
2025-2026,3,67105,Durham Catholic DSB,en,Writing,65.0,65%,1275.0,0,Grade-3-2025-2026-Achievement-Results.zip
2025-2026,3,67105,Durham Catholic DSB,en,Mathematics,61.0,61%,1582.0,0,Grade-3-2025-2026-Achievement-Results.zip
2025-2026,3,67113,Halton Catholic DSB,en,Reading,83.0,83%,1931.0,0,Grade-3-2025-2026-Achievement-Results.zip
2025-2026,3,67113,Halton Catholic DSB,en,Writing,77.0,77%,1930.0,0,Grade-3-2025-2026-Achievement-Results.zip
2025-2026,3,67113,Halton Catholic DSB,en,Mathematics,76.0,76%,1931.0,0,Grade-3-2025-2026-Achievement-Results.zip
2025-2026,3,67121,Hamilton-Wentworth Catholic DSB,en,Reading,81.0,81%,1836.0,0,Grade-3-2025-2026-Achievement-Results.zip
2025-2026,3,67121,Hamilton-Wentworth Catholic DSB,en,Writing,74.0,74%,1843.0,0,Grade-3-2025-2026-Achievement-Results.zip
2025-2026,3,67121,Hamilton-Wentworth Catholic DSB,en,Mathematics,73.0,73%,1848.0,0,Grade-3-2025-2026-Achievement-Results.zip
2025-2026,3,67130,Wellington Catholic DSB,en,Reading,76.0,76%,568.0,0,Grade-3-2025-2026-Achievement-Results.zip
2025-2026,3,67130,Wellington Catholic DSB,en,Writing,68.0,68%,563.0,0,Grade-3-2025-2026-Achievement-Results.zip
2025-2026,3,67130,Wellington Catholic DSB,en,Mathematics,66.0,66%,571.0,0,Grade-3-2025-2026-Achievement-Results.zip
2025-2026,3,67148,Waterloo Catholic DSB,en,Reading,77.0,77%,1689.0,0,Grade-3-2025-2026-Achievement-Results.zip
2025-2026,3,67148,Waterloo Catholic DSB,en,Writing,68.0,68%,1691.0,0,Grade-3-2025-2026-Achievement-Results.zip
2025-2026,3,67148,Waterloo Catholic DSB,en,Mathematics,67.0,67%,1693.0,0,Grade-3-2025-2026-Achievement-Results.zip
2025-2026,3,67156,Niagara Catholic DSB,en,Reading,81.0,81%,1192.0,0,Grade-3-2025-2026-Achievement-Results.zip
2025-2026,3,67156,Niagara Catholic DSB,en,Writing,74.0,74%,1192.0,0,Grade-3-2025-2026-Achievement-Results.zip
2025-2026,3,67156,Niagara Catholic DSB,en,Mathematics,73.0,73%,1297.0,0,Grade-3-2025-2026-Achievement-Results.zip
2025-2026,3,67164,Brant Haldimand Norfolk Catholic DSB,en,Reading,77.0,77%,777.0,0,Grade-3-2025-2026-Achievement-Results.zip
2025-2026,3,67164,Brant Haldimand Norfolk Catholic DSB,en,Writing,65.0,65%,777.0,0,Grade-3-2025-2026-Achievement-Results.zip
2025-2026,3,67164,Brant Haldimand Norfolk Catholic DSB,en,Mathematics,62.0,62%,780.0,0,Grade-3-2025-2026-Achievement-Results.zip
2025-2026,3,67172,Catholic DSB of Eastern Ontario,en,Reading,72.0,72%,885.0,0,Grade-3-2025-2026-Achievement-Results.zip
2025-2026,3,67172,Catholic DSB of Eastern Ontario,en,Writing,62.0,62%,884.0,0,Grade-3-2025-2026-Achievement-Results.zip
2025-2026,3,67172,Catholic DSB of Eastern Ontario,en,Mathematics,58.0,58%,884.0,0,Grade-3-2025-2026-Achievement-Results.zip
2025-2026,3,67180,Ottawa Catholic District School Board,en,Reading,81.0,81%,2896.0,0,Grade-3-2025-2026-Achievement-Results.zip
2025-2026,3,67180,Ottawa Catholic District School Board,en,Writing,75.0,75%,2899.0,0,Grade-3-2025-2026-Achievement-Results.zip
2025-2026,3,67180,Ottawa Catholic District School Board,en,Mathematics,70.0,70%,2914.0,0,Grade-3-2025-2026-Achievement-Results.zip
2025-2026,3,67199,Renfrew County Catholic DSB,en,Reading,82.0,82%,361.0,0,Grade-3-2025-2026-Achievement-Results.zip
2025-2026,3,67199,Renfrew County Catholic DSB,en,Writing,73.0,73%,362.0,0,Grade-3-2025-2026-Achievement-Results.zip
2025-2026,3,67199,Renfrew County Catholic DSB,en,Mathematics,69.0,69%,362.0,0,Grade-3-2025-2026-Achievement-Results.zip
2025-2026,3,67202,Algonquin and Lakeshore Catholic DSB,en,Reading,75.0,75%,780.0,0,Grade-3-2025-2026-Achievement-Results.zip
2025-2026,3,67202,Algonquin and Lakeshore Catholic DSB,en,Writing,66.0,66%,781.0,0,Grade-3-2025-2026-Achievement-Results.zip
2025-2026,3,67202,Algonquin and Lakeshore Catholic DSB,en,Mathematics,63.0,63%,778.0,0,Grade-3-2025-2026-Achievement-Results.zip
2025-2026,3,67300,Conseil scolaire catholique Providence,fr,Reading,69.0,69%,728.0,0,Grade-3-2025-2026-Achievement-Results.zip
2025-2026,3,67300,Conseil scolaire catholique Providence,fr,Writing,63.0,63%,725.0,0,Grade-3-2025-2026-Achievement-Results.zip
2025-2026,3,67300,Conseil scolaire catholique Providence,fr,Mathematics,71.0,71%,729.0,0,Grade-3-2025-2026-Achievement-Results.zip
2025-2026,3,67318,Le Conseil scolaire catholique MonAvenir,fr,Reading,74.0,74%,1113.0,0,Grade-3-2025-2026-Achievement-Results.zip
2025-2026,3,67318,Le Conseil scolaire catholique MonAvenir,fr,Writing,68.0,68%,1111.0,0,Grade-3-2025-2026-Achievement-Results.zip
2025-2026,3,67318,Le Conseil scolaire catholique MonAvenir,fr,Mathematics,73.0,73%,1115.0,0,Grade-3-2025-2026-Achievement-Results.zip
2025-2026,3,67326,Le C.S.D.C. de l'Est ontarien,fr,Reading,72.0,72%,863.0,0,Grade-3-2025-2026-Achievement-Results.zip
2025-2026,3,67326,Le C.S.D.C. de l'Est ontarien,fr,Writing,70.0,70%,863.0,0,Grade-3-2025-2026-Achievement-Results.zip
2025-2026,3,67326,Le C.S.D.C. de l'Est ontarien,fr,Mathematics,74.0,74%,867.0,0,Grade-3-2025-2026-Achievement-Results.zip
2025-2026,3,67334,Conseil des écoles catholiques du Centre-Est (CECCE),fr,Reading,78.0,78%,2056.0,0,Grade-3-2025-2026-Achievement-Results.zip
2025-2026,3,67334,Conseil des écoles catholiques du Centre-Est (CECCE),fr,Writing,74.0,74%,2058.0,0,Grade-3-2025-2026-Achievement-Results.zip
2025-2026,3,67334,Conseil des écoles catholiques du Centre-Est (CECCE),fr,Mathematics,78.0,78%,2058.0,0,Grade-3-2025-2026-Achievement-Results.zip
2025-2026,3,76686,Provincial Schools,en,Reading,,N/R,,1,Grade-3-2025-2026-Achievement-Results.zip
2025-2026,3,76686,Provincial Schools,en,Writing,,N/R,,1,Grade-3-2025-2026-Achievement-Results.zip
2025-2026,3,76686,Provincial Schools,en,Mathematics,,N/R,,1,Grade-3-2025-2026-Achievement-Results.zip
2025-2026,3,79910,Penetanguishene Protestant SSB,en,Reading,85.0,85%,33.0,0,Grade-3-2025-2026-Achievement-Results.zip
2025-2026,3,79910,Penetanguishene Protestant SSB,en,Writing,85.0,85%,33.0,0,Grade-3-2025-2026-Achievement-Results.zip
2025-2026,3,79910,Penetanguishene Protestant SSB,en,Mathematics,76.0,76%,33.0,0,Grade-3-2025-2026-Achievement-Results.zip
2025-2026,3,80509,Consortium Centre Jules-Léger,fr,Reading,,S. R.,,1,Grade-3-2025-2026-Achievement-Results.zip
2025-2026,3,80509,Consortium Centre Jules-Léger,fr,Writing,,S. R.,,1,Grade-3-2025-2026-Achievement-Results.zip
2025-2026,3,80509,Consortium Centre Jules-Léger,fr,Mathematics,,S. R.,,1,Grade-3-2025-2026-Achievement-Results.zip
2021-2022,6,15199,Moose Factory Island DSAB,en,Reading,37.0,37%,30.0,0,Grade-6-2021-2022-Achievement-Results.zip
2021-2022,6,15199,Moose Factory Island DSAB,en,Writing,31.0,31%,29.0,0,Grade-6-2021-2022-Achievement-Results.zip
2021-2022,6,15199,Moose Factory Island DSAB,en,Mathematics,7.0,7%,29.0,0,Grade-6-2021-2022-Achievement-Results.zip
2021-2022,6,15202,Moosonee DSAB,en,Reading,53.0,53%,17.0,0,Grade-6-2021-2022-Achievement-Results.zip
2021-2022,6,15202,Moosonee DSAB,en,Writing,65.0,65%,17.0,0,Grade-6-2021-2022-Achievement-Results.zip
2021-2022,6,15202,Moosonee DSAB,en,Mathematics,18.0,18%,17.0,0,Grade-6-2021-2022-Achievement-Results.zip
2021-2022,6,28002,DSB Ontario North East,en,Reading,75.0,75%,382.0,0,Grade-6-2021-2022-Achievement-Results.zip
2021-2022,6,28002,DSB Ontario North East,en,Writing,72.0,72%,382.0,0,Grade-6-2021-2022-Achievement-Results.zip
2021-2022,6,28002,DSB Ontario North East,en,Mathematics,25.0,25%,380.0,0,Grade-6-2021-2022-Achievement-Results.zip
2021-2022,6,28010,Algoma DSB,en,Reading,78.0,78%,601.0,0,Grade-6-2021-2022-Achievement-Results.zip
2021-2022,6,28010,Algoma DSB,en,Writing,76.0,76%,600.0,0,Grade-6-2021-2022-Achievement-Results.zip
2021-2022,6,28010,Algoma DSB,en,Mathematics,34.0,34%,603.0,0,Grade-6-2021-2022-Achievement-Results.zip
2021-2022,6,28029,Rainbow District School Board,en,Reading,83.0,83%,800.0,0,Grade-6-2021-2022-Achievement-Results.zip
2021-2022,6,28029,Rainbow District School Board,en,Writing,83.0,83%,798.0,0,Grade-6-2021-2022-Achievement-Results.zip
2021-2022,6,28029,Rainbow District School Board,en,Mathematics,36.0,36%,794.0,0,Grade-6-2021-2022-Achievement-Results.zip
2021-2022,6,28037,Near North DSB,en,Reading,79.0,79%,627.0,0,Grade-6-2021-2022-Achievement-Results.zip
2021-2022,6,28037,Near North DSB,en,Writing,73.0,73%,627.0,0,Grade-6-2021-2022-Achievement-Results.zip
2021-2022,6,28037,Near North DSB,en,Mathematics,27.0,27%,627.0,0,Grade-6-2021-2022-Achievement-Results.zip
2021-2022,6,28045,Keewatin-Patricia DSB,en,Reading,81.0,81%,265.0,0,Grade-6-2021-2022-Achievement-Results.zip
2021-2022,6,28045,Keewatin-Patricia DSB,en,Writing,75.0,75%,264.0,0,Grade-6-2021-2022-Achievement-Results.zip
2021-2022,6,28045,Keewatin-Patricia DSB,en,Mathematics,40.0,40%,266.0,0,Grade-6-2021-2022-Achievement-Results.zip
2021-2022,6,28053,Rainy River DSB,en,Reading,77.0,77%,150.0,0,Grade-6-2021-2022-Achievement-Results.zip
2021-2022,6,28053,Rainy River DSB,en,Writing,74.0,74%,149.0,0,Grade-6-2021-2022-Achievement-Results.zip
2021-2022,6,28053,Rainy River DSB,en,Mathematics,31.0,31%,150.0,0,Grade-6-2021-2022-Achievement-Results.zip
2021-2022,6,28061,Lakehead DSB,en,Reading,81.0,81%,559.0,0,Grade-6-2021-2022-Achievement-Results.zip
2021-2022,6,28061,Lakehead DSB,en,Writing,76.0,76%,558.0,0,Grade-6-2021-2022-Achievement-Results.zip
2021-2022,6,28061,Lakehead DSB,en,Mathematics,33.0,33%,558.0,0,Grade-6-2021-2022-Achievement-Results.zip
2021-2022,6,28070,Superior-Greenstone DSB,en,Reading,70.0,70%,74.0,0,Grade-6-2021-2022-Achievement-Results.zip
2021-2022,6,28070,Superior-Greenstone DSB,en,Writing,59.0,59%,74.0,0,Grade-6-2021-2022-Achievement-Results.zip
2021-2022,6,28070,Superior-Greenstone DSB,en,Mathematics,24.0,24%,74.0,0,Grade-6-2021-2022-Achievement-Results.zip
2021-2022,6,28100,Le C.S. public du Nord-Est de l'Ontario,fr,Reading,98.0,98%,156.0,0,Grade-6-2021-2022-Achievement-Results.zip
2021-2022,6,28100,Le C.S. public du Nord-Est de l'Ontario,fr,Writing,67.0,67%,156.0,0,Grade-6-2021-2022-Achievement-Results.zip
2021-2022,6,28100,Le C.S. public du Nord-Est de l'Ontario,fr,Mathematics,44.0,44%,156.0,0,Grade-6-2021-2022-Achievement-Results.zip
2021-2022,6,28118,Le C.S. public du Grand Nord de l'Ontario,fr,Reading,89.0,89%,166.0,0,Grade-6-2021-2022-Achievement-Results.zip
2021-2022,6,28118,Le C.S. public du Grand Nord de l'Ontario,fr,Writing,50.0,50%,163.0,0,Grade-6-2021-2022-Achievement-Results.zip
2021-2022,6,28118,Le C.S. public du Grand Nord de l'Ontario,fr,Mathematics,24.0,24%,165.0,0,Grade-6-2021-2022-Achievement-Results.zip
2021-2022,6,29009,Northeastern Catholic DSB,en,Reading,76.0,76%,160.0,0,Grade-6-2021-2022-Achievement-Results.zip
2021-2022,6,29009,Northeastern Catholic DSB,en,Writing,69.0,69%,160.0,0,Grade-6-2021-2022-Achievement-Results.zip
2021-2022,6,29009,Northeastern Catholic DSB,en,Mathematics,18.0,18%,157.0,0,Grade-6-2021-2022-Achievement-Results.zip
2021-2022,6,29017,Nipissing-Parry Sound Catholic DSB,en,Reading,84.0,84%,173.0,0,Grade-6-2021-2022-Achievement-Results.zip
2021-2022,6,29017,Nipissing-Parry Sound Catholic DSB,en,Writing,75.0,75%,173.0,0,Grade-6-2021-2022-Achievement-Results.zip
2021-2022,6,29017,Nipissing-Parry Sound Catholic DSB,en,Mathematics,31.0,31%,173.0,0,Grade-6-2021-2022-Achievement-Results.zip
2021-2022,6,29025,Huron-Superior Catholic DSB,en,Reading,81.0,81%,384.0,0,Grade-6-2021-2022-Achievement-Results.zip
2021-2022,6,29025,Huron-Superior Catholic DSB,en,Writing,82.0,82%,384.0,0,Grade-6-2021-2022-Achievement-Results.zip
2021-2022,6,29025,Huron-Superior Catholic DSB,en,Mathematics,33.0,33%,381.0,0,Grade-6-2021-2022-Achievement-Results.zip
2021-2022,6,29033,Sudbury Catholic DSB,en,Reading,84.0,84%,373.0,0,Grade-6-2021-2022-Achievement-Results.zip
2021-2022,6,29033,Sudbury Catholic DSB,en,Writing,82.0,82%,373.0,0,Grade-6-2021-2022-Achievement-Results.zip
2021-2022,6,29033,Sudbury Catholic DSB,en,Mathematics,35.0,35%,372.0,0,Grade-6-2021-2022-Achievement-Results.zip
2021-2022,6,29041,Northwest Catholic DSB,en,Reading,74.0,74%,144.0,0,Grade-6-2021-2022-Achievement-Results.zip
2021-2022,6,29041,Northwest Catholic DSB,en,Writing,74.0,74%,144.0,0,Grade-6-2021-2022-Achievement-Results.zip
2021-2022,6,29041,Northwest Catholic DSB,en,Mathematics,24.0,24%,144.0,0,Grade-6-2021-2022-Achievement-Results.zip
2021-2022,6,29050,Kenora Catholic DSB,en,Reading,80.0,80%,94.0,0,Grade-6-2021-2022-Achievement-Results.zip
2021-2022,6,29050,Kenora Catholic DSB,en,Writing,83.0,83%,94.0,0,Grade-6-2021-2022-Achievement-Results.zip
2021-2022,6,29050,Kenora Catholic DSB,en,Mathematics,33.0,33%,94.0,0,Grade-6-2021-2022-Achievement-Results.zip
2021-2022,6,29068,Thunder Bay Catholic DSB,en,Reading,85.0,85%,479.0,0,Grade-6-2021-2022-Achievement-Results.zip
2021-2022,6,29068,Thunder Bay Catholic DSB,en,Writing,83.0,83%,479.0,0,Grade-6-2021-2022-Achievement-Results.zip
2021-2022,6,29068,Thunder Bay Catholic DSB,en,Mathematics,35.0,35%,479.0,0,Grade-6-2021-2022-Achievement-Results.zip
2021-2022,6,29076,Superior North Catholic DSB,en,Reading,77.0,77%,65.0,0,Grade-6-2021-2022-Achievement-Results.zip
2021-2022,6,29076,Superior North Catholic DSB,en,Writing,74.0,74%,65.0,0,Grade-6-2021-2022-Achievement-Results.zip
2021-2022,6,29076,Superior North Catholic DSB,en,Mathematics,28.0,28%,65.0,0,Grade-6-2021-2022-Achievement-Results.zip
2021-2022,6,29106,Le C.S.C.D. des Grandes Rivières,fr,Reading,94.0,94%,360.0,0,Grade-6-2021-2022-Achievement-Results.zip
2021-2022,6,29106,Le C.S.C.D. des Grandes Rivières,fr,Writing,64.0,64%,360.0,0,Grade-6-2021-2022-Achievement-Results.zip
2021-2022,6,29106,Le C.S.C.D. des Grandes Rivières,fr,Mathematics,34.0,34%,360.0,0,Grade-6-2021-2022-Achievement-Results.zip
2021-2022,6,29114,Le C.S. catholique Franco-Nord,fr,Reading,92.0,92%,189.0,0,Grade-6-2021-2022-Achievement-Results.zip
2021-2022,6,29114,Le C.S. catholique Franco-Nord,fr,Writing,58.0,58%,189.0,0,Grade-6-2021-2022-Achievement-Results.zip
2021-2022,6,29114,Le C.S. catholique Franco-Nord,fr,Mathematics,26.0,26%,189.0,0,Grade-6-2021-2022-Achievement-Results.zip
2021-2022,6,29122,Le C.S.D.C. du Nouvel-Ontario,fr,Reading,96.0,96%,447.0,0,Grade-6-2021-2022-Achievement-Results.zip
2021-2022,6,29122,Le C.S.D.C. du Nouvel-Ontario,fr,Writing,67.0,67%,447.0,0,Grade-6-2021-2022-Achievement-Results.zip
2021-2022,6,29122,Le C.S.D.C. du Nouvel-Ontario,fr,Mathematics,35.0,35%,451.0,0,Grade-6-2021-2022-Achievement-Results.zip
2021-2022,6,29130,Le C.S.D.C. des Aurores boréales,fr,Reading,95.0,95%,56.0,0,Grade-6-2021-2022-Achievement-Results.zip
2021-2022,6,29130,Le C.S.D.C. des Aurores boréales,fr,Writing,64.0,64%,56.0,0,Grade-6-2021-2022-Achievement-Results.zip
2021-2022,6,29130,Le C.S.D.C. des Aurores boréales,fr,Mathematics,41.0,41%,56.0,0,Grade-6-2021-2022-Achievement-Results.zip
2021-2022,6,66001,Bluewater DSB,en,Reading,79.0,79%,1248.0,0,Grade-6-2021-2022-Achievement-Results.zip
2021-2022,6,66001,Bluewater DSB,en,Writing,76.0,76%,1247.0,0,Grade-6-2021-2022-Achievement-Results.zip
2021-2022,6,66001,Bluewater DSB,en,Mathematics,36.0,36%,1245.0,0,Grade-6-2021-2022-Achievement-Results.zip
2021-2022,6,66010,Avon Maitland DSB,en,Reading,84.0,84%,932.0,0,Grade-6-2021-2022-Achievement-Results.zip
2021-2022,6,66010,Avon Maitland DSB,en,Writing,82.0,82%,932.0,0,Grade-6-2021-2022-Achievement-Results.zip
2021-2022,6,66010,Avon Maitland DSB,en,Mathematics,46.0,46%,931.0,0,Grade-6-2021-2022-Achievement-Results.zip
2021-2022,6,66028,Greater Essex County DSB,en,Reading,80.0,80%,2403.0,0,Grade-6-2021-2022-Achievement-Results.zip
2021-2022,6,66028,Greater Essex County DSB,en,Writing,79.0,79%,2403.0,0,Grade-6-2021-2022-Achievement-Results.zip
2021-2022,6,66028,Greater Essex County DSB,en,Mathematics,41.0,41%,2401.0,0,Grade-6-2021-2022-Achievement-Results.zip
2021-2022,6,66036,Lambton Kent District School Board,en,Reading,79.0,79%,1380.0,0,Grade-6-2021-2022-Achievement-Results.zip
2021-2022,6,66036,Lambton Kent District School Board,en,Writing,76.0,76%,1379.0,0,Grade-6-2021-2022-Achievement-Results.zip
2021-2022,6,66036,Lambton Kent District School Board,en,Mathematics,33.0,33%,1380.0,0,Grade-6-2021-2022-Achievement-Results.zip
2021-2022,6,66044,Thames Valley District School Board,en,Reading,82.0,82%,5137.0,0,Grade-6-2021-2022-Achievement-Results.zip
2021-2022,6,66044,Thames Valley District School Board,en,Writing,80.0,80%,5131.0,0,Grade-6-2021-2022-Achievement-Results.zip
2021-2022,6,66044,Thames Valley District School Board,en,Mathematics,44.0,44%,5144.0,0,Grade-6-2021-2022-Achievement-Results.zip
2021-2022,6,66052,Toronto DSB,en,Reading,85.0,85%,13594.0,0,Grade-6-2021-2022-Achievement-Results.zip
2021-2022,6,66052,Toronto DSB,en,Writing,85.0,85%,13568.0,0,Grade-6-2021-2022-Achievement-Results.zip
2021-2022,6,66052,Toronto DSB,en,Mathematics,52.0,52%,13580.0,0,Grade-6-2021-2022-Achievement-Results.zip
2021-2022,6,66060,Durham DSB,en,Reading,85.0,85%,4626.0,0,Grade-6-2021-2022-Achievement-Results.zip
2021-2022,6,66060,Durham DSB,en,Writing,84.0,84%,4624.0,0,Grade-6-2021-2022-Achievement-Results.zip
2021-2022,6,66060,Durham DSB,en,Mathematics,47.0,47%,4620.0,0,Grade-6-2021-2022-Achievement-Results.zip
2021-2022,6,66079,Kawartha Pine Ridge DSB,en,Reading,85.0,85%,2193.0,0,Grade-6-2021-2022-Achievement-Results.zip
2021-2022,6,66079,Kawartha Pine Ridge DSB,en,Writing,81.0,81%,2191.0,0,Grade-6-2021-2022-Achievement-Results.zip
2021-2022,6,66079,Kawartha Pine Ridge DSB,en,Mathematics,43.0,43%,2187.0,0,Grade-6-2021-2022-Achievement-Results.zip
2021-2022,6,66087,Trillium Lakelands DSB,en,Reading,78.0,78%,1109.0,0,Grade-6-2021-2022-Achievement-Results.zip
2021-2022,6,66087,Trillium Lakelands DSB,en,Writing,75.0,75%,1107.0,0,Grade-6-2021-2022-Achievement-Results.zip
2021-2022,6,66087,Trillium Lakelands DSB,en,Mathematics,40.0,40%,1105.0,0,Grade-6-2021-2022-Achievement-Results.zip
2021-2022,6,66095,York Region DSB,en,Reading,90.0,90%,8435.0,0,Grade-6-2021-2022-Achievement-Results.zip
2021-2022,6,66095,York Region DSB,en,Writing,92.0,92%,8430.0,0,Grade-6-2021-2022-Achievement-Results.zip
2021-2022,6,66095,York Region DSB,en,Mathematics,62.0,62%,8440.0,0,Grade-6-2021-2022-Achievement-Results.zip
2021-2022,6,66109,Simcoe County DSB,en,Reading,81.0,81%,3620.0,0,Grade-6-2021-2022-Achievement-Results.zip
2021-2022,6,66109,Simcoe County DSB,en,Writing,78.0,78%,3610.0,0,Grade-6-2021-2022-Achievement-Results.zip
2021-2022,6,66109,Simcoe County DSB,en,Mathematics,43.0,43%,3615.0,0,Grade-6-2021-2022-Achievement-Results.zip
2021-2022,6,66117,Upper Grand DSB,en,Reading,87.0,87%,2197.0,0,Grade-6-2021-2022-Achievement-Results.zip
2021-2022,6,66117,Upper Grand DSB,en,Writing,86.0,86%,2196.0,0,Grade-6-2021-2022-Achievement-Results.zip
2021-2022,6,66117,Upper Grand DSB,en,Mathematics,48.0,48%,2196.0,0,Grade-6-2021-2022-Achievement-Results.zip
2021-2022,6,66125,Peel District School Board,en,Reading,84.0,84%,8888.0,0,Grade-6-2021-2022-Achievement-Results.zip
2021-2022,6,66125,Peel District School Board,en,Writing,84.0,84%,8872.0,0,Grade-6-2021-2022-Achievement-Results.zip
2021-2022,6,66125,Peel District School Board,en,Mathematics,47.0,47%,8876.0,0,Grade-6-2021-2022-Achievement-Results.zip
2021-2022,6,66133,Halton DSB,en,Reading,91.0,91%,4407.0,0,Grade-6-2021-2022-Achievement-Results.zip
2021-2022,6,66133,Halton DSB,en,Writing,91.0,91%,4407.0,0,Grade-6-2021-2022-Achievement-Results.zip
2021-2022,6,66133,Halton DSB,en,Mathematics,58.0,58%,4406.0,0,Grade-6-2021-2022-Achievement-Results.zip
2021-2022,6,66141,Hamilton-Wentworth DSB,en,Reading,77.0,77%,3159.0,0,Grade-6-2021-2022-Achievement-Results.zip
2021-2022,6,66141,Hamilton-Wentworth DSB,en,Writing,75.0,75%,3153.0,0,Grade-6-2021-2022-Achievement-Results.zip
2021-2022,6,66141,Hamilton-Wentworth DSB,en,Mathematics,36.0,36%,3157.0,0,Grade-6-2021-2022-Achievement-Results.zip
2021-2022,6,66150,DSB of Niagara,en,Reading,90.0,90%,2586.0,0,Grade-6-2021-2022-Achievement-Results.zip
2021-2022,6,66150,DSB of Niagara,en,Writing,90.0,90%,2583.0,0,Grade-6-2021-2022-Achievement-Results.zip
2021-2022,6,66150,DSB of Niagara,en,Mathematics,57.0,57%,2571.0,0,Grade-6-2021-2022-Achievement-Results.zip
2021-2022,6,66168,Grand Erie DSB,en,Reading,78.0,78%,1727.0,0,Grade-6-2021-2022-Achievement-Results.zip
2021-2022,6,66168,Grand Erie DSB,en,Writing,75.0,75%,1726.0,0,Grade-6-2021-2022-Achievement-Results.zip
2021-2022,6,66168,Grand Erie DSB,en,Mathematics,34.0,34%,1721.0,0,Grade-6-2021-2022-Achievement-Results.zip
2021-2022,6,66176,Waterloo Region DSB,en,Reading,85.0,85%,4014.0,0,Grade-6-2021-2022-Achievement-Results.zip
2021-2022,6,66176,Waterloo Region DSB,en,Writing,85.0,85%,4010.0,0,Grade-6-2021-2022-Achievement-Results.zip
2021-2022,6,66176,Waterloo Region DSB,en,Mathematics,49.0,49%,4021.0,0,Grade-6-2021-2022-Achievement-Results.zip
2021-2022,6,66184,Ottawa-Carleton DSB,en,Reading,85.0,85%,4716.0,0,Grade-6-2021-2022-Achievement-Results.zip
2021-2022,6,66184,Ottawa-Carleton DSB,en,Writing,84.0,84%,4712.0,0,Grade-6-2021-2022-Achievement-Results.zip
2021-2022,6,66184,Ottawa-Carleton DSB,en,Mathematics,52.0,52%,4708.0,0,Grade-6-2021-2022-Achievement-Results.zip
2021-2022,6,66192,Upper Canada DSB,en,Reading,81.0,81%,1708.0,0,Grade-6-2021-2022-Achievement-Results.zip
2021-2022,6,66192,Upper Canada DSB,en,Writing,74.0,74%,1708.0,0,Grade-6-2021-2022-Achievement-Results.zip
2021-2022,6,66192,Upper Canada DSB,en,Mathematics,32.0,32%,1708.0,0,Grade-6-2021-2022-Achievement-Results.zip
2021-2022,6,66206,Limestone DSB,en,Reading,81.0,81%,1206.0,0,Grade-6-2021-2022-Achievement-Results.zip
2021-2022,6,66206,Limestone DSB,en,Writing,76.0,76%,1205.0,0,Grade-6-2021-2022-Achievement-Results.zip
2021-2022,6,66206,Limestone DSB,en,Mathematics,38.0,38%,1198.0,0,Grade-6-2021-2022-Achievement-Results.zip
2021-2022,6,66214,Renfrew County DSB,en,Reading,80.0,80%,598.0,0,Grade-6-2021-2022-Achievement-Results.zip
2021-2022,6,66214,Renfrew County DSB,en,Writing,74.0,74%,598.0,0,Grade-6-2021-2022-Achievement-Results.zip
2021-2022,6,66214,Renfrew County DSB,en,Mathematics,37.0,37%,597.0,0,Grade-6-2021-2022-Achievement-Results.zip
2021-2022,6,66222,Hastings and Prince Edward DSB,en,Reading,79.0,79%,1022.0,0,Grade-6-2021-2022-Achievement-Results.zip
2021-2022,6,66222,Hastings and Prince Edward DSB,en,Writing,78.0,78%,1017.0,0,Grade-6-2021-2022-Achievement-Results.zip
2021-2022,6,66222,Hastings and Prince Edward DSB,en,Mathematics,33.0,33%,1016.0,0,Grade-6-2021-2022-Achievement-Results.zip
2021-2022,6,66303,Conseil scolaire Viamonde,fr,Reading,97.0,97%,965.0,0,Grade-6-2021-2022-Achievement-Results.zip
2021-2022,6,66303,Conseil scolaire Viamonde,fr,Writing,87.0,87%,964.0,0,Grade-6-2021-2022-Achievement-Results.zip
2021-2022,6,66303,Conseil scolaire Viamonde,fr,Mathematics,61.0,61%,966.0,0,Grade-6-2021-2022-Achievement-Results.zip
2021-2022,6,66311,Le C.É. publiques de l'Est de l'Ontario,fr,Reading,98.0,98%,1218.0,0,Grade-6-2021-2022-Achievement-Results.zip
2021-2022,6,66311,Le C.É. publiques de l'Est de l'Ontario,fr,Writing,85.0,85%,1218.0,0,Grade-6-2021-2022-Achievement-Results.zip
2021-2022,6,66311,Le C.É. publiques de l'Est de l'Ontario,fr,Mathematics,53.0,53%,1221.0,0,Grade-6-2021-2022-Achievement-Results.zip
2021-2022,6,67008,Bruce-Grey Catholic DSB,en,Reading,84.0,84%,268.0,0,Grade-6-2021-2022-Achievement-Results.zip
2021-2022,6,67008,Bruce-Grey Catholic DSB,en,Writing,84.0,84%,268.0,0,Grade-6-2021-2022-Achievement-Results.zip
2021-2022,6,67008,Bruce-Grey Catholic DSB,en,Mathematics,36.0,36%,267.0,0,Grade-6-2021-2022-Achievement-Results.zip
2021-2022,6,67016,Huron-Perth Catholic DSB,en,Reading,88.0,88%,325.0,0,Grade-6-2021-2022-Achievement-Results.zip
2021-2022,6,67016,Huron-Perth Catholic DSB,en,Writing,90.0,90%,324.0,0,Grade-6-2021-2022-Achievement-Results.zip
2021-2022,6,67016,Huron-Perth Catholic DSB,en,Mathematics,45.0,45%,323.0,0,Grade-6-2021-2022-Achievement-Results.zip
2021-2022,6,67024,Windsor-Essex Catholic DSB,en,Reading,90.0,90%,1232.0,0,Grade-6-2021-2022-Achievement-Results.zip
2021-2022,6,67024,Windsor-Essex Catholic DSB,en,Writing,91.0,91%,1232.0,0,Grade-6-2021-2022-Achievement-Results.zip
2021-2022,6,67024,Windsor-Essex Catholic DSB,en,Mathematics,54.0,54%,1232.0,0,Grade-6-2021-2022-Achievement-Results.zip
2021-2022,6,67032,London District Catholic School Board,en,Reading,86.0,86%,1369.0,0,Grade-6-2021-2022-Achievement-Results.zip
2021-2022,6,67032,London District Catholic School Board,en,Writing,85.0,85%,1369.0,0,Grade-6-2021-2022-Achievement-Results.zip
2021-2022,6,67032,London District Catholic School Board,en,Mathematics,48.0,48%,1371.0,0,Grade-6-2021-2022-Achievement-Results.zip
2021-2022,6,67040,St. Clair Catholic District School Board,en,Reading,86.0,86%,638.0,0,Grade-6-2021-2022-Achievement-Results.zip
2021-2022,6,67040,St. Clair Catholic District School Board,en,Writing,82.0,82%,637.0,0,Grade-6-2021-2022-Achievement-Results.zip
2021-2022,6,67040,St. Clair Catholic District School Board,en,Mathematics,41.0,41%,638.0,0,Grade-6-2021-2022-Achievement-Results.zip
2021-2022,6,67059,Toronto Catholic District School Board,en,Reading,85.0,85%,5209.0,0,Grade-6-2021-2022-Achievement-Results.zip
2021-2022,6,67059,Toronto Catholic District School Board,en,Writing,87.0,87%,5201.0,0,Grade-6-2021-2022-Achievement-Results.zip
2021-2022,6,67059,Toronto Catholic District School Board,en,Mathematics,44.0,44%,5193.0,0,Grade-6-2021-2022-Achievement-Results.zip
2021-2022,6,67067,Peterborough Victoria Northumberland and Clarington CDSB,en,Reading,83.0,83%,1050.0,0,Grade-6-2021-2022-Achievement-Results.zip
2021-2022,6,67067,Peterborough Victoria Northumberland and Clarington CDSB,en,Writing,83.0,83%,1051.0,0,Grade-6-2021-2022-Achievement-Results.zip
2021-2022,6,67067,Peterborough Victoria Northumberland and Clarington CDSB,en,Mathematics,38.0,38%,1051.0,0,Grade-6-2021-2022-Achievement-Results.zip
2021-2022,6,67075,York Catholic DSB,en,Reading,91.0,91%,3295.0,0,Grade-6-2021-2022-Achievement-Results.zip
2021-2022,6,67075,York Catholic DSB,en,Writing,93.0,93%,3292.0,0,Grade-6-2021-2022-Achievement-Results.zip
2021-2022,6,67075,York Catholic DSB,en,Mathematics,55.0,55%,3288.0,0,Grade-6-2021-2022-Achievement-Results.zip
2021-2022,6,67083,Dufferin-Peel Catholic DSB,en,Reading,87.0,87%,4132.0,0,Grade-6-2021-2022-Achievement-Results.zip
2021-2022,6,67083,Dufferin-Peel Catholic DSB,en,Writing,87.0,87%,4133.0,0,Grade-6-2021-2022-Achievement-Results.zip
2021-2022,6,67083,Dufferin-Peel Catholic DSB,en,Mathematics,44.0,44%,4129.0,0,Grade-6-2021-2022-Achievement-Results.zip
2021-2022,6,67091,Simcoe Muskoka Catholic DSB,en,Reading,81.0,81%,1491.0,0,Grade-6-2021-2022-Achievement-Results.zip
2021-2022,6,67091,Simcoe Muskoka Catholic DSB,en,Writing,80.0,80%,1486.0,0,Grade-6-2021-2022-Achievement-Results.zip
2021-2022,6,67091,Simcoe Muskoka Catholic DSB,en,Mathematics,37.0,37%,1486.0,0,Grade-6-2021-2022-Achievement-Results.zip
2021-2022,6,67105,Durham Catholic DSB,en,Reading,88.0,88%,1480.0,0,Grade-6-2021-2022-Achievement-Results.zip
2021-2022,6,67105,Durham Catholic DSB,en,Writing,87.0,87%,1477.0,0,Grade-6-2021-2022-Achievement-Results.zip
2021-2022,6,67105,Durham Catholic DSB,en,Mathematics,44.0,44%,1475.0,0,Grade-6-2021-2022-Achievement-Results.zip
2021-2022,6,67113,Halton Catholic DSB,en,Reading,91.0,91%,2324.0,0,Grade-6-2021-2022-Achievement-Results.zip
2021-2022,6,67113,Halton Catholic DSB,en,Writing,90.0,90%,2322.0,0,Grade-6-2021-2022-Achievement-Results.zip
2021-2022,6,67113,Halton Catholic DSB,en,Mathematics,53.0,53%,2321.0,0,Grade-6-2021-2022-Achievement-Results.zip
2021-2022,6,67121,Hamilton-Wentworth Catholic DSB,en,Reading,85.0,85%,1812.0,0,Grade-6-2021-2022-Achievement-Results.zip
2021-2022,6,67121,Hamilton-Wentworth Catholic DSB,en,Writing,85.0,85%,1811.0,0,Grade-6-2021-2022-Achievement-Results.zip
2021-2022,6,67121,Hamilton-Wentworth Catholic DSB,en,Mathematics,48.0,48%,1806.0,0,Grade-6-2021-2022-Achievement-Results.zip
2021-2022,6,67130,Wellington Catholic DSB,en,Reading,86.0,86%,537.0,0,Grade-6-2021-2022-Achievement-Results.zip
2021-2022,6,67130,Wellington Catholic DSB,en,Writing,87.0,87%,537.0,0,Grade-6-2021-2022-Achievement-Results.zip
2021-2022,6,67130,Wellington Catholic DSB,en,Mathematics,51.0,51%,537.0,0,Grade-6-2021-2022-Achievement-Results.zip
2021-2022,6,67148,Waterloo Catholic DSB,en,Reading,87.0,87%,1518.0,0,Grade-6-2021-2022-Achievement-Results.zip
2021-2022,6,67148,Waterloo Catholic DSB,en,Writing,86.0,86%,1515.0,0,Grade-6-2021-2022-Achievement-Results.zip
2021-2022,6,67148,Waterloo Catholic DSB,en,Mathematics,52.0,52%,1517.0,0,Grade-6-2021-2022-Achievement-Results.zip
2021-2022,6,67156,Niagara Catholic DSB,en,Reading,85.0,85%,1339.0,0,Grade-6-2021-2022-Achievement-Results.zip
2021-2022,6,67156,Niagara Catholic DSB,en,Writing,84.0,84%,1339.0,0,Grade-6-2021-2022-Achievement-Results.zip
2021-2022,6,67156,Niagara Catholic DSB,en,Mathematics,44.0,44%,1338.0,0,Grade-6-2021-2022-Achievement-Results.zip
2021-2022,6,67164,Brant Haldimand Norfolk Catholic DSB,en,Reading,86.0,86%,690.0,0,Grade-6-2021-2022-Achievement-Results.zip
2021-2022,6,67164,Brant Haldimand Norfolk Catholic DSB,en,Writing,84.0,84%,689.0,0,Grade-6-2021-2022-Achievement-Results.zip
2021-2022,6,67164,Brant Haldimand Norfolk Catholic DSB,en,Mathematics,38.0,38%,689.0,0,Grade-6-2021-2022-Achievement-Results.zip
2021-2022,6,67172,Catholic DSB of Eastern Ontario,en,Reading,85.0,85%,908.0,0,Grade-6-2021-2022-Achievement-Results.zip
2021-2022,6,67172,Catholic DSB of Eastern Ontario,en,Writing,84.0,84%,908.0,0,Grade-6-2021-2022-Achievement-Results.zip
2021-2022,6,67172,Catholic DSB of Eastern Ontario,en,Mathematics,42.0,42%,906.0,0,Grade-6-2021-2022-Achievement-Results.zip
2021-2022,6,67180,Ottawa Catholic District School Board,en,Reading,89.0,89%,2948.0,0,Grade-6-2021-2022-Achievement-Results.zip
2021-2022,6,67180,Ottawa Catholic District School Board,en,Writing,89.0,89%,2945.0,0,Grade-6-2021-2022-Achievement-Results.zip
2021-2022,6,67180,Ottawa Catholic District School Board,en,Mathematics,52.0,52%,2946.0,0,Grade-6-2021-2022-Achievement-Results.zip
2021-2022,6,67199,Renfrew County Catholic DSB,en,Reading,88.0,88%,344.0,0,Grade-6-2021-2022-Achievement-Results.zip
2021-2022,6,67199,Renfrew County Catholic DSB,en,Writing,90.0,90%,344.0,0,Grade-6-2021-2022-Achievement-Results.zip
2021-2022,6,67199,Renfrew County Catholic DSB,en,Mathematics,54.0,54%,340.0,0,Grade-6-2021-2022-Achievement-Results.zip
2021-2022,6,67202,Algonquin and Lakeshore Catholic DSB,en,Reading,82.0,82%,792.0,0,Grade-6-2021-2022-Achievement-Results.zip
2021-2022,6,67202,Algonquin and Lakeshore Catholic DSB,en,Writing,78.0,78%,789.0,0,Grade-6-2021-2022-Achievement-Results.zip
2021-2022,6,67202,Algonquin and Lakeshore Catholic DSB,en,Mathematics,35.0,35%,791.0,0,Grade-6-2021-2022-Achievement-Results.zip
2021-2022,6,67300,Conseil scolaire catholique Providence,fr,Reading,94.0,94%,701.0,0,Grade-6-2021-2022-Achievement-Results.zip
2021-2022,6,67300,Conseil scolaire catholique Providence,fr,Writing,75.0,75%,700.0,0,Grade-6-2021-2022-Achievement-Results.zip
2021-2022,6,67300,Conseil scolaire catholique Providence,fr,Mathematics,45.0,45%,704.0,0,Grade-6-2021-2022-Achievement-Results.zip
2021-2022,6,67318,Le Conseil scolaire catholique MonAvenir,fr,Reading,97.0,97%,1174.0,0,Grade-6-2021-2022-Achievement-Results.zip
2021-2022,6,67318,Le Conseil scolaire catholique MonAvenir,fr,Writing,83.0,83%,1173.0,0,Grade-6-2021-2022-Achievement-Results.zip
2021-2022,6,67318,Le Conseil scolaire catholique MonAvenir,fr,Mathematics,55.0,55%,1172.0,0,Grade-6-2021-2022-Achievement-Results.zip
2021-2022,6,67326,Le C.S.D.C. de l'Est ontarien,fr,Reading,97.0,97%,704.0,0,Grade-6-2021-2022-Achievement-Results.zip
2021-2022,6,67326,Le C.S.D.C. de l'Est ontarien,fr,Writing,79.0,79%,702.0,0,Grade-6-2021-2022-Achievement-Results.zip
2021-2022,6,67326,Le C.S.D.C. de l'Est ontarien,fr,Mathematics,44.0,44%,706.0,0,Grade-6-2021-2022-Achievement-Results.zip
2021-2022,6,67334,Conseil des écoles catholiques du Centre-Est (CECCE),fr,Reading,99.0,99%,1833.0,0,Grade-6-2021-2022-Achievement-Results.zip
2021-2022,6,67334,Conseil des écoles catholiques du Centre-Est (CECCE),fr,Writing,88.0,88%,1832.0,0,Grade-6-2021-2022-Achievement-Results.zip
2021-2022,6,67334,Conseil des écoles catholiques du Centre-Est (CECCE),fr,Mathematics,55.0,55%,1832.0,0,Grade-6-2021-2022-Achievement-Results.zip
2021-2022,6,76686,Provincial Schools,en,Reading,58.0,58%,33.0,0,Grade-6-2021-2022-Achievement-Results.zip
2021-2022,6,76686,Provincial Schools,en,Writing,58.0,58%,33.0,0,Grade-6-2021-2022-Achievement-Results.zip
2021-2022,6,76686,Provincial Schools,en,Mathematics,9.0,9%,33.0,0,Grade-6-2021-2022-Achievement-Results.zip
2021-2022,6,79910,Penetanguishene Protestant SSB,en,Reading,82.0,82%,22.0,0,Grade-6-2021-2022-Achievement-Results.zip
2021-2022,6,79910,Penetanguishene Protestant SSB,en,Writing,86.0,86%,22.0,0,Grade-6-2021-2022-Achievement-Results.zip
2021-2022,6,79910,Penetanguishene Protestant SSB,en,Mathematics,64.0,64%,22.0,0,Grade-6-2021-2022-Achievement-Results.zip
2021-2022,6,80509,Consortium Centre Jules-Léger,fr,Reading,,S. R.,,1,Grade-6-2021-2022-Achievement-Results.zip
2021-2022,6,80509,Consortium Centre Jules-Léger,fr,Writing,,S. R.,,1,Grade-6-2021-2022-Achievement-Results.zip
2021-2022,6,80509,Consortium Centre Jules-Léger,fr,Mathematics,,S. R.,,1,Grade-6-2021-2022-Achievement-Results.zip
2022-2023,6,15199,Moose Factory Island DSAB,en,Reading,50.0,50%,22.0,0,Grade-6-2022-2023-Achievement-Results.zip
2022-2023,6,15199,Moose Factory Island DSAB,en,Writing,43.0,43%,21.0,0,Grade-6-2022-2023-Achievement-Results.zip
2022-2023,6,15199,Moose Factory Island DSAB,en,Mathematics,4.0,4%,23.0,0,Grade-6-2022-2023-Achievement-Results.zip
2022-2023,6,15202,Moosonee DSAB,en,Reading,63.0,63%,19.0,0,Grade-6-2022-2023-Achievement-Results.zip
2022-2023,6,15202,Moosonee DSAB,en,Writing,74.0,74%,19.0,0,Grade-6-2022-2023-Achievement-Results.zip
2022-2023,6,15202,Moosonee DSAB,en,Mathematics,12.0,12%,17.0,0,Grade-6-2022-2023-Achievement-Results.zip
2022-2023,6,28002,DSB Ontario North East,en,Reading,76.0,76%,411.0,0,Grade-6-2022-2023-Achievement-Results.zip
2022-2023,6,28002,DSB Ontario North East,en,Writing,79.0,79%,411.0,0,Grade-6-2022-2023-Achievement-Results.zip
2022-2023,6,28002,DSB Ontario North East,en,Mathematics,26.0,26%,411.0,0,Grade-6-2022-2023-Achievement-Results.zip
2022-2023,6,28010,Algoma DSB,en,Reading,78.0,78%,681.0,0,Grade-6-2022-2023-Achievement-Results.zip
2022-2023,6,28010,Algoma DSB,en,Writing,76.0,76%,681.0,0,Grade-6-2022-2023-Achievement-Results.zip
2022-2023,6,28010,Algoma DSB,en,Mathematics,34.0,34%,682.0,0,Grade-6-2022-2023-Achievement-Results.zip
2022-2023,6,28029,Rainbow District School Board,en,Reading,84.0,84%,906.0,0,Grade-6-2022-2023-Achievement-Results.zip
2022-2023,6,28029,Rainbow District School Board,en,Writing,79.0,79%,907.0,0,Grade-6-2022-2023-Achievement-Results.zip
2022-2023,6,28029,Rainbow District School Board,en,Mathematics,41.0,41%,904.0,0,Grade-6-2022-2023-Achievement-Results.zip
2022-2023,6,28037,Near North DSB,en,Reading,77.0,77%,737.0,0,Grade-6-2022-2023-Achievement-Results.zip
2022-2023,6,28037,Near North DSB,en,Writing,70.0,70%,737.0,0,Grade-6-2022-2023-Achievement-Results.zip
2022-2023,6,28037,Near North DSB,en,Mathematics,33.0,33%,738.0,0,Grade-6-2022-2023-Achievement-Results.zip
2022-2023,6,28045,Keewatin-Patricia DSB,en,Reading,76.0,76%,250.0,0,Grade-6-2022-2023-Achievement-Results.zip
2022-2023,6,28045,Keewatin-Patricia DSB,en,Writing,76.0,76%,247.0,0,Grade-6-2022-2023-Achievement-Results.zip
2022-2023,6,28045,Keewatin-Patricia DSB,en,Mathematics,35.0,35%,250.0,0,Grade-6-2022-2023-Achievement-Results.zip
2022-2023,6,28053,Rainy River DSB,en,Reading,76.0,76%,147.0,0,Grade-6-2022-2023-Achievement-Results.zip
2022-2023,6,28053,Rainy River DSB,en,Writing,74.0,74%,147.0,0,Grade-6-2022-2023-Achievement-Results.zip
2022-2023,6,28053,Rainy River DSB,en,Mathematics,27.0,27%,147.0,0,Grade-6-2022-2023-Achievement-Results.zip
2022-2023,6,28061,Lakehead DSB,en,Reading,84.0,84%,549.0,0,Grade-6-2022-2023-Achievement-Results.zip
2022-2023,6,28061,Lakehead DSB,en,Writing,84.0,84%,546.0,0,Grade-6-2022-2023-Achievement-Results.zip
2022-2023,6,28061,Lakehead DSB,en,Mathematics,44.0,44%,547.0,0,Grade-6-2022-2023-Achievement-Results.zip
2022-2023,6,28070,Superior-Greenstone DSB,en,Reading,74.0,74%,69.0,0,Grade-6-2022-2023-Achievement-Results.zip
2022-2023,6,28070,Superior-Greenstone DSB,en,Writing,65.0,65%,69.0,0,Grade-6-2022-2023-Achievement-Results.zip
2022-2023,6,28070,Superior-Greenstone DSB,en,Mathematics,25.0,25%,69.0,0,Grade-6-2022-2023-Achievement-Results.zip
2022-2023,6,28100,Le C.S. public du Nord-Est de l'Ontario,fr,Reading,97.0,97%,158.0,0,Grade-6-2022-2023-Achievement-Results.zip
2022-2023,6,28100,Le C.S. public du Nord-Est de l'Ontario,fr,Writing,74.0,74%,158.0,0,Grade-6-2022-2023-Achievement-Results.zip
2022-2023,6,28100,Le C.S. public du Nord-Est de l'Ontario,fr,Mathematics,49.0,49%,158.0,0,Grade-6-2022-2023-Achievement-Results.zip
2022-2023,6,28118,Le C.S. public du Grand Nord de l'Ontario,fr,Reading,98.0,98%,186.0,0,Grade-6-2022-2023-Achievement-Results.zip
2022-2023,6,28118,Le C.S. public du Grand Nord de l'Ontario,fr,Writing,78.0,78%,186.0,0,Grade-6-2022-2023-Achievement-Results.zip
2022-2023,6,28118,Le C.S. public du Grand Nord de l'Ontario,fr,Mathematics,50.0,50%,186.0,0,Grade-6-2022-2023-Achievement-Results.zip
2022-2023,6,29009,Northeastern Catholic DSB,en,Reading,73.0,73%,207.0,0,Grade-6-2022-2023-Achievement-Results.zip
2022-2023,6,29009,Northeastern Catholic DSB,en,Writing,63.0,63%,207.0,0,Grade-6-2022-2023-Achievement-Results.zip
2022-2023,6,29009,Northeastern Catholic DSB,en,Mathematics,26.0,26%,207.0,0,Grade-6-2022-2023-Achievement-Results.zip
2022-2023,6,29017,Nipissing-Parry Sound Catholic DSB,en,Reading,80.0,80%,187.0,0,Grade-6-2022-2023-Achievement-Results.zip
2022-2023,6,29017,Nipissing-Parry Sound Catholic DSB,en,Writing,80.0,80%,186.0,0,Grade-6-2022-2023-Achievement-Results.zip
2022-2023,6,29017,Nipissing-Parry Sound Catholic DSB,en,Mathematics,39.0,39%,186.0,0,Grade-6-2022-2023-Achievement-Results.zip
2022-2023,6,29025,Huron-Superior Catholic DSB,en,Reading,76.0,76%,368.0,0,Grade-6-2022-2023-Achievement-Results.zip
2022-2023,6,29025,Huron-Superior Catholic DSB,en,Writing,79.0,79%,367.0,0,Grade-6-2022-2023-Achievement-Results.zip
2022-2023,6,29025,Huron-Superior Catholic DSB,en,Mathematics,27.0,27%,365.0,0,Grade-6-2022-2023-Achievement-Results.zip
2022-2023,6,29033,Sudbury Catholic DSB,en,Reading,80.0,80%,393.0,0,Grade-6-2022-2023-Achievement-Results.zip
2022-2023,6,29033,Sudbury Catholic DSB,en,Writing,74.0,74%,393.0,0,Grade-6-2022-2023-Achievement-Results.zip
2022-2023,6,29033,Sudbury Catholic DSB,en,Mathematics,32.0,32%,393.0,0,Grade-6-2022-2023-Achievement-Results.zip
2022-2023,6,29041,Northwest Catholic DSB,en,Reading,83.0,83%,111.0,0,Grade-6-2022-2023-Achievement-Results.zip
2022-2023,6,29041,Northwest Catholic DSB,en,Writing,82.0,82%,110.0,0,Grade-6-2022-2023-Achievement-Results.zip
2022-2023,6,29041,Northwest Catholic DSB,en,Mathematics,48.0,48%,111.0,0,Grade-6-2022-2023-Achievement-Results.zip
2022-2023,6,29050,Kenora Catholic DSB,en,Reading,75.0,75%,110.0,0,Grade-6-2022-2023-Achievement-Results.zip
2022-2023,6,29050,Kenora Catholic DSB,en,Writing,83.0,83%,110.0,0,Grade-6-2022-2023-Achievement-Results.zip
2022-2023,6,29050,Kenora Catholic DSB,en,Mathematics,30.0,30%,109.0,0,Grade-6-2022-2023-Achievement-Results.zip
2022-2023,6,29068,Thunder Bay Catholic DSB,en,Reading,84.0,84%,554.0,0,Grade-6-2022-2023-Achievement-Results.zip
2022-2023,6,29068,Thunder Bay Catholic DSB,en,Writing,86.0,86%,552.0,0,Grade-6-2022-2023-Achievement-Results.zip
2022-2023,6,29068,Thunder Bay Catholic DSB,en,Mathematics,45.0,45%,554.0,0,Grade-6-2022-2023-Achievement-Results.zip
2022-2023,6,29076,Superior North Catholic DSB,en,Reading,68.0,68%,71.0,0,Grade-6-2022-2023-Achievement-Results.zip
2022-2023,6,29076,Superior North Catholic DSB,en,Writing,62.0,62%,71.0,0,Grade-6-2022-2023-Achievement-Results.zip
2022-2023,6,29076,Superior North Catholic DSB,en,Mathematics,32.0,32%,71.0,0,Grade-6-2022-2023-Achievement-Results.zip
2022-2023,6,29106,Le C.S.C.D. des Grandes Rivières,fr,Reading,91.0,91%,372.0,0,Grade-6-2022-2023-Achievement-Results.zip
2022-2023,6,29106,Le C.S.C.D. des Grandes Rivières,fr,Writing,64.0,64%,371.0,0,Grade-6-2022-2023-Achievement-Results.zip
2022-2023,6,29106,Le C.S.C.D. des Grandes Rivières,fr,Mathematics,28.0,28%,371.0,0,Grade-6-2022-2023-Achievement-Results.zip
2022-2023,6,29114,Le C.S. catholique Franco-Nord,fr,Reading,93.0,93%,169.0,0,Grade-6-2022-2023-Achievement-Results.zip
2022-2023,6,29114,Le C.S. catholique Franco-Nord,fr,Writing,58.0,58%,168.0,0,Grade-6-2022-2023-Achievement-Results.zip
2022-2023,6,29114,Le C.S. catholique Franco-Nord,fr,Mathematics,28.0,28%,169.0,0,Grade-6-2022-2023-Achievement-Results.zip
2022-2023,6,29122,Conseil scolaire catholique Nouvelon,fr,Reading,97.0,97%,418.0,0,Grade-6-2022-2023-Achievement-Results.zip
2022-2023,6,29122,Conseil scolaire catholique Nouvelon,fr,Writing,72.0,72%,418.0,0,Grade-6-2022-2023-Achievement-Results.zip
2022-2023,6,29122,Conseil scolaire catholique Nouvelon,fr,Mathematics,41.0,41%,417.0,0,Grade-6-2022-2023-Achievement-Results.zip
2022-2023,6,29130,Le C.S.D.C. des Aurores boréales,fr,Reading,89.0,89%,57.0,0,Grade-6-2022-2023-Achievement-Results.zip
2022-2023,6,29130,Le C.S.D.C. des Aurores boréales,fr,Writing,60.0,60%,57.0,0,Grade-6-2022-2023-Achievement-Results.zip
2022-2023,6,29130,Le C.S.D.C. des Aurores boréales,fr,Mathematics,47.0,47%,57.0,0,Grade-6-2022-2023-Achievement-Results.zip
2022-2023,6,66001,Bluewater DSB,en,Reading,76.0,76%,1253.0,0,Grade-6-2022-2023-Achievement-Results.zip
2022-2023,6,66001,Bluewater DSB,en,Writing,73.0,73%,1252.0,0,Grade-6-2022-2023-Achievement-Results.zip
2022-2023,6,66001,Bluewater DSB,en,Mathematics,39.0,39%,1250.0,0,Grade-6-2022-2023-Achievement-Results.zip
2022-2023,6,66010,Avon Maitland DSB,en,Reading,84.0,84%,1001.0,0,Grade-6-2022-2023-Achievement-Results.zip
2022-2023,6,66010,Avon Maitland DSB,en,Writing,83.0,83%,1000.0,0,Grade-6-2022-2023-Achievement-Results.zip
2022-2023,6,66010,Avon Maitland DSB,en,Mathematics,48.0,48%,1000.0,0,Grade-6-2022-2023-Achievement-Results.zip
2022-2023,6,66028,Greater Essex County DSB,en,Reading,84.0,84%,2312.0,0,Grade-6-2022-2023-Achievement-Results.zip
2022-2023,6,66028,Greater Essex County DSB,en,Writing,82.0,82%,2310.0,0,Grade-6-2022-2023-Achievement-Results.zip
2022-2023,6,66028,Greater Essex County DSB,en,Mathematics,49.0,49%,2288.0,0,Grade-6-2022-2023-Achievement-Results.zip
2022-2023,6,66036,Lambton Kent District School Board,en,Reading,78.0,78%,1480.0,0,Grade-6-2022-2023-Achievement-Results.zip
2022-2023,6,66036,Lambton Kent District School Board,en,Writing,77.0,77%,1478.0,0,Grade-6-2022-2023-Achievement-Results.zip
2022-2023,6,66036,Lambton Kent District School Board,en,Mathematics,42.0,42%,1480.0,0,Grade-6-2022-2023-Achievement-Results.zip
2022-2023,6,66044,Thames Valley District School Board,en,Reading,79.0,79%,5621.0,0,Grade-6-2022-2023-Achievement-Results.zip
2022-2023,6,66044,Thames Valley District School Board,en,Writing,78.0,78%,5614.0,0,Grade-6-2022-2023-Achievement-Results.zip
2022-2023,6,66044,Thames Valley District School Board,en,Mathematics,46.0,46%,5630.0,0,Grade-6-2022-2023-Achievement-Results.zip
2022-2023,6,66052,Toronto DSB,en,Reading,83.0,83%,14387.0,0,Grade-6-2022-2023-Achievement-Results.zip
2022-2023,6,66052,Toronto DSB,en,Writing,85.0,85%,14360.0,0,Grade-6-2022-2023-Achievement-Results.zip
2022-2023,6,66052,Toronto DSB,en,Mathematics,54.0,54%,14373.0,0,Grade-6-2022-2023-Achievement-Results.zip
2022-2023,6,66060,Durham DSB,en,Reading,85.0,85%,5412.0,0,Grade-6-2022-2023-Achievement-Results.zip
2022-2023,6,66060,Durham DSB,en,Writing,84.0,84%,5401.0,0,Grade-6-2022-2023-Achievement-Results.zip
2022-2023,6,66060,Durham DSB,en,Mathematics,50.0,50%,5406.0,0,Grade-6-2022-2023-Achievement-Results.zip
2022-2023,6,66079,Kawartha Pine Ridge DSB,en,Reading,81.0,81%,2364.0,0,Grade-6-2022-2023-Achievement-Results.zip
2022-2023,6,66079,Kawartha Pine Ridge DSB,en,Writing,79.0,79%,2361.0,0,Grade-6-2022-2023-Achievement-Results.zip
2022-2023,6,66079,Kawartha Pine Ridge DSB,en,Mathematics,43.0,43%,2363.0,0,Grade-6-2022-2023-Achievement-Results.zip
2022-2023,6,66087,Trillium Lakelands DSB,en,Reading,83.0,83%,1146.0,0,Grade-6-2022-2023-Achievement-Results.zip
2022-2023,6,66087,Trillium Lakelands DSB,en,Writing,79.0,79%,1141.0,0,Grade-6-2022-2023-Achievement-Results.zip
2022-2023,6,66087,Trillium Lakelands DSB,en,Mathematics,47.0,47%,1140.0,0,Grade-6-2022-2023-Achievement-Results.zip
2022-2023,6,66095,York Region DSB,en,Reading,88.0,88%,8634.0,0,Grade-6-2022-2023-Achievement-Results.zip
2022-2023,6,66095,York Region DSB,en,Writing,90.0,90%,8628.0,0,Grade-6-2022-2023-Achievement-Results.zip
2022-2023,6,66095,York Region DSB,en,Mathematics,64.0,64%,8649.0,0,Grade-6-2022-2023-Achievement-Results.zip
2022-2023,6,66109,Simcoe County DSB,en,Reading,79.0,79%,3685.0,0,Grade-6-2022-2023-Achievement-Results.zip
2022-2023,6,66109,Simcoe County DSB,en,Writing,75.0,75%,3681.0,0,Grade-6-2022-2023-Achievement-Results.zip
2022-2023,6,66109,Simcoe County DSB,en,Mathematics,44.0,44%,3667.0,0,Grade-6-2022-2023-Achievement-Results.zip
2022-2023,6,66117,Upper Grand DSB,en,Reading,86.0,86%,2321.0,0,Grade-6-2022-2023-Achievement-Results.zip
2022-2023,6,66117,Upper Grand DSB,en,Writing,85.0,85%,2319.0,0,Grade-6-2022-2023-Achievement-Results.zip
2022-2023,6,66117,Upper Grand DSB,en,Mathematics,53.0,53%,2317.0,0,Grade-6-2022-2023-Achievement-Results.zip
2022-2023,6,66125,Peel District School Board,en,Reading,83.0,83%,10015.0,0,Grade-6-2022-2023-Achievement-Results.zip
2022-2023,6,66125,Peel District School Board,en,Writing,84.0,84%,9998.0,0,Grade-6-2022-2023-Achievement-Results.zip
2022-2023,6,66125,Peel District School Board,en,Mathematics,48.0,48%,9995.0,0,Grade-6-2022-2023-Achievement-Results.zip
2022-2023,6,66133,Halton DSB,en,Reading,90.0,90%,4700.0,0,Grade-6-2022-2023-Achievement-Results.zip
2022-2023,6,66133,Halton DSB,en,Writing,90.0,90%,4695.0,0,Grade-6-2022-2023-Achievement-Results.zip
2022-2023,6,66133,Halton DSB,en,Mathematics,63.0,63%,4699.0,0,Grade-6-2022-2023-Achievement-Results.zip
2022-2023,6,66141,Hamilton-Wentworth DSB,en,Reading,75.0,75%,3407.0,0,Grade-6-2022-2023-Achievement-Results.zip
2022-2023,6,66141,Hamilton-Wentworth DSB,en,Writing,73.0,73%,3399.0,0,Grade-6-2022-2023-Achievement-Results.zip
2022-2023,6,66141,Hamilton-Wentworth DSB,en,Mathematics,35.0,35%,3395.0,0,Grade-6-2022-2023-Achievement-Results.zip
2022-2023,6,66150,DSB of Niagara,en,Reading,91.0,91%,2621.0,0,Grade-6-2022-2023-Achievement-Results.zip
2022-2023,6,66150,DSB of Niagara,en,Writing,91.0,91%,2618.0,0,Grade-6-2022-2023-Achievement-Results.zip
2022-2023,6,66150,DSB of Niagara,en,Mathematics,62.0,62%,2616.0,0,Grade-6-2022-2023-Achievement-Results.zip
2022-2023,6,66168,Grand Erie DSB,en,Reading,77.0,77%,1851.0,0,Grade-6-2022-2023-Achievement-Results.zip
2022-2023,6,66168,Grand Erie DSB,en,Writing,74.0,74%,1851.0,0,Grade-6-2022-2023-Achievement-Results.zip
2022-2023,6,66168,Grand Erie DSB,en,Mathematics,37.0,37%,1848.0,0,Grade-6-2022-2023-Achievement-Results.zip
2022-2023,6,66176,Waterloo Region DSB,en,Reading,84.0,84%,4126.0,0,Grade-6-2022-2023-Achievement-Results.zip
2022-2023,6,66176,Waterloo Region DSB,en,Writing,85.0,85%,4121.0,0,Grade-6-2022-2023-Achievement-Results.zip
2022-2023,6,66176,Waterloo Region DSB,en,Mathematics,51.0,51%,4121.0,0,Grade-6-2022-2023-Achievement-Results.zip
2022-2023,6,66184,Ottawa-Carleton DSB,en,Reading,84.0,84%,4972.0,0,Grade-6-2022-2023-Achievement-Results.zip
2022-2023,6,66184,Ottawa-Carleton DSB,en,Writing,83.0,83%,4964.0,0,Grade-6-2022-2023-Achievement-Results.zip
2022-2023,6,66184,Ottawa-Carleton DSB,en,Mathematics,52.0,52%,4963.0,0,Grade-6-2022-2023-Achievement-Results.zip
2022-2023,6,66192,Upper Canada DSB,en,Reading,78.0,78%,1743.0,0,Grade-6-2022-2023-Achievement-Results.zip
2022-2023,6,66192,Upper Canada DSB,en,Writing,75.0,75%,1743.0,0,Grade-6-2022-2023-Achievement-Results.zip
2022-2023,6,66192,Upper Canada DSB,en,Mathematics,33.0,33%,1738.0,0,Grade-6-2022-2023-Achievement-Results.zip
2022-2023,6,66206,Limestone DSB,en,Reading,77.0,77%,1278.0,0,Grade-6-2022-2023-Achievement-Results.zip
2022-2023,6,66206,Limestone DSB,en,Writing,75.0,75%,1277.0,0,Grade-6-2022-2023-Achievement-Results.zip
2022-2023,6,66206,Limestone DSB,en,Mathematics,37.0,37%,1276.0,0,Grade-6-2022-2023-Achievement-Results.zip
2022-2023,6,66214,Renfrew County DSB,en,Reading,78.0,78%,571.0,0,Grade-6-2022-2023-Achievement-Results.zip
2022-2023,6,66214,Renfrew County DSB,en,Writing,75.0,75%,570.0,0,Grade-6-2022-2023-Achievement-Results.zip
2022-2023,6,66214,Renfrew County DSB,en,Mathematics,35.0,35%,571.0,0,Grade-6-2022-2023-Achievement-Results.zip
2022-2023,6,66222,Hastings and Prince Edward DSB,en,Reading,79.0,79%,1060.0,0,Grade-6-2022-2023-Achievement-Results.zip
2022-2023,6,66222,Hastings and Prince Edward DSB,en,Writing,78.0,78%,1058.0,0,Grade-6-2022-2023-Achievement-Results.zip
2022-2023,6,66222,Hastings and Prince Edward DSB,en,Mathematics,40.0,40%,1062.0,0,Grade-6-2022-2023-Achievement-Results.zip
2022-2023,6,66303,Conseil scolaire Viamonde,fr,Reading,99.0,99%,993.0,0,Grade-6-2022-2023-Achievement-Results.zip
2022-2023,6,66303,Conseil scolaire Viamonde,fr,Writing,89.0,89%,993.0,0,Grade-6-2022-2023-Achievement-Results.zip
2022-2023,6,66303,Conseil scolaire Viamonde,fr,Mathematics,66.0,66%,994.0,0,Grade-6-2022-2023-Achievement-Results.zip
2022-2023,6,66311,Conseil des écoles publiques de l'Est de l'Ontario,fr,Reading,97.0,97%,1213.0,0,Grade-6-2022-2023-Achievement-Results.zip
2022-2023,6,66311,Conseil des écoles publiques de l'Est de l'Ontario,fr,Writing,86.0,86%,1213.0,0,Grade-6-2022-2023-Achievement-Results.zip
2022-2023,6,66311,Conseil des écoles publiques de l'Est de l'Ontario,fr,Mathematics,59.0,59%,1213.0,0,Grade-6-2022-2023-Achievement-Results.zip
2022-2023,6,67008,Bruce-Grey Catholic DSB,en,Reading,80.0,80%,308.0,0,Grade-6-2022-2023-Achievement-Results.zip
2022-2023,6,67008,Bruce-Grey Catholic DSB,en,Writing,80.0,80%,307.0,0,Grade-6-2022-2023-Achievement-Results.zip
2022-2023,6,67008,Bruce-Grey Catholic DSB,en,Mathematics,43.0,43%,308.0,0,Grade-6-2022-2023-Achievement-Results.zip
2022-2023,6,67016,Huron-Perth Catholic DSB,en,Reading,81.0,81%,306.0,0,Grade-6-2022-2023-Achievement-Results.zip
2022-2023,6,67016,Huron-Perth Catholic DSB,en,Writing,85.0,85%,306.0,0,Grade-6-2022-2023-Achievement-Results.zip
2022-2023,6,67016,Huron-Perth Catholic DSB,en,Mathematics,49.0,49%,306.0,0,Grade-6-2022-2023-Achievement-Results.zip
2022-2023,6,67024,Windsor-Essex Catholic DSB,en,Reading,90.0,90%,1323.0,0,Grade-6-2022-2023-Achievement-Results.zip
2022-2023,6,67024,Windsor-Essex Catholic DSB,en,Writing,91.0,91%,1323.0,0,Grade-6-2022-2023-Achievement-Results.zip
2022-2023,6,67024,Windsor-Essex Catholic DSB,en,Mathematics,56.0,56%,1317.0,0,Grade-6-2022-2023-Achievement-Results.zip
2022-2023,6,67032,London District Catholic School Board,en,Reading,85.0,85%,1498.0,0,Grade-6-2022-2023-Achievement-Results.zip
2022-2023,6,67032,London District Catholic School Board,en,Writing,84.0,84%,1496.0,0,Grade-6-2022-2023-Achievement-Results.zip
2022-2023,6,67032,London District Catholic School Board,en,Mathematics,47.0,47%,1495.0,0,Grade-6-2022-2023-Achievement-Results.zip
2022-2023,6,67040,St. Clair Catholic District School Board,en,Reading,85.0,85%,648.0,0,Grade-6-2022-2023-Achievement-Results.zip
2022-2023,6,67040,St. Clair Catholic District School Board,en,Writing,85.0,85%,647.0,0,Grade-6-2022-2023-Achievement-Results.zip
2022-2023,6,67040,St. Clair Catholic District School Board,en,Mathematics,47.0,47%,648.0,0,Grade-6-2022-2023-Achievement-Results.zip
2022-2023,6,67059,Toronto Catholic District School Board,en,Reading,84.0,84%,5415.0,0,Grade-6-2022-2023-Achievement-Results.zip
2022-2023,6,67059,Toronto Catholic District School Board,en,Writing,86.0,86%,5406.0,0,Grade-6-2022-2023-Achievement-Results.zip
2022-2023,6,67059,Toronto Catholic District School Board,en,Mathematics,47.0,47%,5407.0,0,Grade-6-2022-2023-Achievement-Results.zip
2022-2023,6,67067,Peterborough Victoria Northumberland and Clarington CDSB,en,Reading,80.0,80%,1032.0,0,Grade-6-2022-2023-Achievement-Results.zip
2022-2023,6,67067,Peterborough Victoria Northumberland and Clarington CDSB,en,Writing,78.0,78%,1032.0,0,Grade-6-2022-2023-Achievement-Results.zip
2022-2023,6,67067,Peterborough Victoria Northumberland and Clarington CDSB,en,Mathematics,37.0,37%,1034.0,0,Grade-6-2022-2023-Achievement-Results.zip
2022-2023,6,67075,York Catholic DSB,en,Reading,91.0,91%,3270.0,0,Grade-6-2022-2023-Achievement-Results.zip
2022-2023,6,67075,York Catholic DSB,en,Writing,93.0,93%,3269.0,0,Grade-6-2022-2023-Achievement-Results.zip
2022-2023,6,67075,York Catholic DSB,en,Mathematics,58.0,58%,3266.0,0,Grade-6-2022-2023-Achievement-Results.zip
2022-2023,6,67083,Dufferin-Peel Catholic DSB,en,Reading,87.0,87%,4288.0,0,Grade-6-2022-2023-Achievement-Results.zip
2022-2023,6,67083,Dufferin-Peel Catholic DSB,en,Writing,88.0,88%,4284.0,0,Grade-6-2022-2023-Achievement-Results.zip
2022-2023,6,67083,Dufferin-Peel Catholic DSB,en,Mathematics,48.0,48%,4281.0,0,Grade-6-2022-2023-Achievement-Results.zip
2022-2023,6,67091,Simcoe Muskoka Catholic DSB,en,Reading,81.0,81%,1565.0,0,Grade-6-2022-2023-Achievement-Results.zip
2022-2023,6,67091,Simcoe Muskoka Catholic DSB,en,Writing,81.0,81%,1563.0,0,Grade-6-2022-2023-Achievement-Results.zip
2022-2023,6,67091,Simcoe Muskoka Catholic DSB,en,Mathematics,41.0,41%,1562.0,0,Grade-6-2022-2023-Achievement-Results.zip
2022-2023,6,67105,Durham Catholic DSB,en,Reading,87.0,87%,1442.0,0,Grade-6-2022-2023-Achievement-Results.zip
2022-2023,6,67105,Durham Catholic DSB,en,Writing,87.0,87%,1441.0,0,Grade-6-2022-2023-Achievement-Results.zip
2022-2023,6,67105,Durham Catholic DSB,en,Mathematics,49.0,49%,1445.0,0,Grade-6-2022-2023-Achievement-Results.zip
2022-2023,6,67113,Halton Catholic DSB,en,Reading,88.0,88%,2365.0,0,Grade-6-2022-2023-Achievement-Results.zip
2022-2023,6,67113,Halton Catholic DSB,en,Writing,89.0,89%,2365.0,0,Grade-6-2022-2023-Achievement-Results.zip
2022-2023,6,67113,Halton Catholic DSB,en,Mathematics,57.0,57%,2363.0,0,Grade-6-2022-2023-Achievement-Results.zip
2022-2023,6,67121,Hamilton-Wentworth Catholic DSB,en,Reading,85.0,85%,1916.0,0,Grade-6-2022-2023-Achievement-Results.zip
2022-2023,6,67121,Hamilton-Wentworth Catholic DSB,en,Writing,86.0,86%,1914.0,0,Grade-6-2022-2023-Achievement-Results.zip
2022-2023,6,67121,Hamilton-Wentworth Catholic DSB,en,Mathematics,48.0,48%,1913.0,0,Grade-6-2022-2023-Achievement-Results.zip
2022-2023,6,67130,Wellington Catholic DSB,en,Reading,88.0,88%,589.0,0,Grade-6-2022-2023-Achievement-Results.zip
2022-2023,6,67130,Wellington Catholic DSB,en,Writing,89.0,89%,589.0,0,Grade-6-2022-2023-Achievement-Results.zip
2022-2023,6,67130,Wellington Catholic DSB,en,Mathematics,58.0,58%,590.0,0,Grade-6-2022-2023-Achievement-Results.zip
2022-2023,6,67148,Waterloo Catholic DSB,en,Reading,84.0,84%,1677.0,0,Grade-6-2022-2023-Achievement-Results.zip
2022-2023,6,67148,Waterloo Catholic DSB,en,Writing,85.0,85%,1677.0,0,Grade-6-2022-2023-Achievement-Results.zip
2022-2023,6,67148,Waterloo Catholic DSB,en,Mathematics,54.0,54%,1676.0,0,Grade-6-2022-2023-Achievement-Results.zip
2022-2023,6,67156,Niagara Catholic DSB,en,Reading,85.0,85%,1417.0,0,Grade-6-2022-2023-Achievement-Results.zip
2022-2023,6,67156,Niagara Catholic DSB,en,Writing,85.0,85%,1414.0,0,Grade-6-2022-2023-Achievement-Results.zip
2022-2023,6,67156,Niagara Catholic DSB,en,Mathematics,52.0,52%,1416.0,0,Grade-6-2022-2023-Achievement-Results.zip
2022-2023,6,67164,Brant Haldimand Norfolk Catholic DSB,en,Reading,85.0,85%,723.0,0,Grade-6-2022-2023-Achievement-Results.zip
2022-2023,6,67164,Brant Haldimand Norfolk Catholic DSB,en,Writing,84.0,84%,723.0,0,Grade-6-2022-2023-Achievement-Results.zip
2022-2023,6,67164,Brant Haldimand Norfolk Catholic DSB,en,Mathematics,45.0,45%,722.0,0,Grade-6-2022-2023-Achievement-Results.zip
2022-2023,6,67172,Catholic DSB of Eastern Ontario,en,Reading,85.0,85%,889.0,0,Grade-6-2022-2023-Achievement-Results.zip
2022-2023,6,67172,Catholic DSB of Eastern Ontario,en,Writing,83.0,83%,889.0,0,Grade-6-2022-2023-Achievement-Results.zip
2022-2023,6,67172,Catholic DSB of Eastern Ontario,en,Mathematics,44.0,44%,890.0,0,Grade-6-2022-2023-Achievement-Results.zip
2022-2023,6,67180,Ottawa Catholic District School Board,en,Reading,89.0,89%,3113.0,0,Grade-6-2022-2023-Achievement-Results.zip
2022-2023,6,67180,Ottawa Catholic District School Board,en,Writing,89.0,89%,3113.0,0,Grade-6-2022-2023-Achievement-Results.zip
2022-2023,6,67180,Ottawa Catholic District School Board,en,Mathematics,54.0,54%,3119.0,0,Grade-6-2022-2023-Achievement-Results.zip
2022-2023,6,67199,Renfrew County Catholic DSB,en,Reading,89.0,89%,365.0,0,Grade-6-2022-2023-Achievement-Results.zip
2022-2023,6,67199,Renfrew County Catholic DSB,en,Writing,91.0,91%,364.0,0,Grade-6-2022-2023-Achievement-Results.zip
2022-2023,6,67199,Renfrew County Catholic DSB,en,Mathematics,60.0,60%,361.0,0,Grade-6-2022-2023-Achievement-Results.zip
2022-2023,6,67202,Algonquin and Lakeshore Catholic DSB,en,Reading,78.0,78%,761.0,0,Grade-6-2022-2023-Achievement-Results.zip
2022-2023,6,67202,Algonquin and Lakeshore Catholic DSB,en,Writing,76.0,76%,761.0,0,Grade-6-2022-2023-Achievement-Results.zip
2022-2023,6,67202,Algonquin and Lakeshore Catholic DSB,en,Mathematics,34.0,34%,763.0,0,Grade-6-2022-2023-Achievement-Results.zip
2022-2023,6,67300,Conseil scolaire catholique Providence,fr,Reading,97.0,97%,721.0,0,Grade-6-2022-2023-Achievement-Results.zip
2022-2023,6,67300,Conseil scolaire catholique Providence,fr,Writing,75.0,75%,721.0,0,Grade-6-2022-2023-Achievement-Results.zip
2022-2023,6,67300,Conseil scolaire catholique Providence,fr,Mathematics,48.0,48%,722.0,0,Grade-6-2022-2023-Achievement-Results.zip
2022-2023,6,67318,Le Conseil scolaire catholique MonAvenir,fr,Reading,98.0,98%,1221.0,0,Grade-6-2022-2023-Achievement-Results.zip
2022-2023,6,67318,Le Conseil scolaire catholique MonAvenir,fr,Writing,87.0,87%,1221.0,0,Grade-6-2022-2023-Achievement-Results.zip
2022-2023,6,67318,Le Conseil scolaire catholique MonAvenir,fr,Mathematics,62.0,62%,1219.0,0,Grade-6-2022-2023-Achievement-Results.zip
2022-2023,6,67326,Le C.S.D.C. de l'Est ontarien,fr,Reading,96.0,96%,713.0,0,Grade-6-2022-2023-Achievement-Results.zip
2022-2023,6,67326,Le C.S.D.C. de l'Est ontarien,fr,Writing,82.0,82%,713.0,0,Grade-6-2022-2023-Achievement-Results.zip
2022-2023,6,67326,Le C.S.D.C. de l'Est ontarien,fr,Mathematics,49.0,49%,718.0,0,Grade-6-2022-2023-Achievement-Results.zip
2022-2023,6,67334,Conseil des écoles catholiques du Centre-Est (CECCE),fr,Reading,98.0,98%,1816.0,0,Grade-6-2022-2023-Achievement-Results.zip
2022-2023,6,67334,Conseil des écoles catholiques du Centre-Est (CECCE),fr,Writing,89.0,89%,1815.0,0,Grade-6-2022-2023-Achievement-Results.zip
2022-2023,6,67334,Conseil des écoles catholiques du Centre-Est (CECCE),fr,Mathematics,59.0,59%,1818.0,0,Grade-6-2022-2023-Achievement-Results.zip
2022-2023,6,76686,Provincial Schools,en,Reading,76.0,76%,25.0,0,Grade-6-2022-2023-Achievement-Results.zip
2022-2023,6,76686,Provincial Schools,en,Writing,44.0,44%,25.0,0,Grade-6-2022-2023-Achievement-Results.zip
2022-2023,6,76686,Provincial Schools,en,Mathematics,12.0,12%,25.0,0,Grade-6-2022-2023-Achievement-Results.zip
2022-2023,6,79910,Penetanguishene Protestant SSB,en,Reading,96.0,96%,28.0,0,Grade-6-2022-2023-Achievement-Results.zip
2022-2023,6,79910,Penetanguishene Protestant SSB,en,Writing,93.0,93%,28.0,0,Grade-6-2022-2023-Achievement-Results.zip
2022-2023,6,79910,Penetanguishene Protestant SSB,en,Mathematics,46.0,46%,28.0,0,Grade-6-2022-2023-Achievement-Results.zip
2022-2023,6,80509,Consortium Centre Jules-Léger,fr,Reading,,S. R.,,1,Grade-6-2022-2023-Achievement-Results.zip
2022-2023,6,80509,Consortium Centre Jules-Léger,fr,Writing,,S. R.,,1,Grade-6-2022-2023-Achievement-Results.zip
2022-2023,6,80509,Consortium Centre Jules-Léger,fr,Mathematics,,S. R.,,1,Grade-6-2022-2023-Achievement-Results.zip
2023-2024,6,15199,Moose Factory Island DSAB,en,Reading,31.0,31%,35.0,0,Grade-6-2023-2024-Achievement-Results.zip
2023-2024,6,15199,Moose Factory Island DSAB,en,Writing,37.0,37%,35.0,0,Grade-6-2023-2024-Achievement-Results.zip
2023-2024,6,15199,Moose Factory Island DSAB,en,Mathematics,6.0,6%,35.0,0,Grade-6-2023-2024-Achievement-Results.zip
2023-2024,6,15202,Moosonee DSAB,en,Reading,52.0,52%,27.0,0,Grade-6-2023-2024-Achievement-Results.zip
2023-2024,6,15202,Moosonee DSAB,en,Writing,48.0,48%,27.0,0,Grade-6-2023-2024-Achievement-Results.zip
2023-2024,6,15202,Moosonee DSAB,en,Mathematics,22.0,22%,27.0,0,Grade-6-2023-2024-Achievement-Results.zip
2023-2024,6,28002,DSB Ontario North East,en,Reading,70.0,70%,465.0,0,Grade-6-2023-2024-Achievement-Results.zip
2023-2024,6,28002,DSB Ontario North East,en,Writing,69.0,69%,465.0,0,Grade-6-2023-2024-Achievement-Results.zip
2023-2024,6,28002,DSB Ontario North East,en,Mathematics,30.0,30%,464.0,0,Grade-6-2023-2024-Achievement-Results.zip
2023-2024,6,28010,Algoma DSB,en,Reading,72.0,72%,661.0,0,Grade-6-2023-2024-Achievement-Results.zip
2023-2024,6,28010,Algoma DSB,en,Writing,65.0,65%,662.0,0,Grade-6-2023-2024-Achievement-Results.zip
2023-2024,6,28010,Algoma DSB,en,Mathematics,36.0,36%,662.0,0,Grade-6-2023-2024-Achievement-Results.zip
2023-2024,6,28029,Rainbow District School Board,en,Reading,84.0,84%,866.0,0,Grade-6-2023-2024-Achievement-Results.zip
2023-2024,6,28029,Rainbow District School Board,en,Writing,76.0,76%,866.0,0,Grade-6-2023-2024-Achievement-Results.zip
2023-2024,6,28029,Rainbow District School Board,en,Mathematics,42.0,42%,867.0,0,Grade-6-2023-2024-Achievement-Results.zip
2023-2024,6,28037,Near North DSB,en,Reading,73.0,73%,668.0,0,Grade-6-2023-2024-Achievement-Results.zip
2023-2024,6,28037,Near North DSB,en,Writing,69.0,69%,670.0,0,Grade-6-2023-2024-Achievement-Results.zip
2023-2024,6,28037,Near North DSB,en,Mathematics,33.0,33%,667.0,0,Grade-6-2023-2024-Achievement-Results.zip
2023-2024,6,28045,Keewatin-Patricia DSB,en,Reading,69.0,69%,272.0,0,Grade-6-2023-2024-Achievement-Results.zip
2023-2024,6,28045,Keewatin-Patricia DSB,en,Writing,62.0,62%,277.0,0,Grade-6-2023-2024-Achievement-Results.zip
2023-2024,6,28045,Keewatin-Patricia DSB,en,Mathematics,34.0,34%,274.0,0,Grade-6-2023-2024-Achievement-Results.zip
2023-2024,6,28053,Rainy River DSB,en,Reading,68.0,68%,142.0,0,Grade-6-2023-2024-Achievement-Results.zip
2023-2024,6,28053,Rainy River DSB,en,Writing,61.0,61%,142.0,0,Grade-6-2023-2024-Achievement-Results.zip
2023-2024,6,28053,Rainy River DSB,en,Mathematics,27.0,27%,142.0,0,Grade-6-2023-2024-Achievement-Results.zip
2023-2024,6,28061,Lakehead DSB,en,Reading,85.0,85%,561.0,0,Grade-6-2023-2024-Achievement-Results.zip
2023-2024,6,28061,Lakehead DSB,en,Writing,83.0,83%,566.0,0,Grade-6-2023-2024-Achievement-Results.zip
2023-2024,6,28061,Lakehead DSB,en,Mathematics,51.0,51%,562.0,0,Grade-6-2023-2024-Achievement-Results.zip
2023-2024,6,28070,Superior-Greenstone DSB,en,Reading,84.0,84%,62.0,0,Grade-6-2023-2024-Achievement-Results.zip
2023-2024,6,28070,Superior-Greenstone DSB,en,Writing,65.0,65%,62.0,0,Grade-6-2023-2024-Achievement-Results.zip
2023-2024,6,28070,Superior-Greenstone DSB,en,Mathematics,30.0,30%,61.0,0,Grade-6-2023-2024-Achievement-Results.zip
2023-2024,6,28100,Le C.S. public du Nord-Est de l'Ontario,fr,Reading,94.0,94%,154.0,0,Grade-6-2023-2024-Achievement-Results.zip
2023-2024,6,28100,Le C.S. public du Nord-Est de l'Ontario,fr,Writing,66.0,66%,154.0,0,Grade-6-2023-2024-Achievement-Results.zip
2023-2024,6,28100,Le C.S. public du Nord-Est de l'Ontario,fr,Mathematics,45.0,45%,153.0,0,Grade-6-2023-2024-Achievement-Results.zip
2023-2024,6,28118,Conseil scolaire du Grand Nord,fr,Reading,97.0,97%,179.0,0,Grade-6-2023-2024-Achievement-Results.zip
2023-2024,6,28118,Conseil scolaire du Grand Nord,fr,Writing,68.0,68%,179.0,0,Grade-6-2023-2024-Achievement-Results.zip
2023-2024,6,28118,Conseil scolaire du Grand Nord,fr,Mathematics,41.0,41%,179.0,0,Grade-6-2023-2024-Achievement-Results.zip
2023-2024,6,29009,Northeastern Catholic DSB,en,Reading,68.0,68%,213.0,0,Grade-6-2023-2024-Achievement-Results.zip
2023-2024,6,29009,Northeastern Catholic DSB,en,Writing,59.0,59%,213.0,0,Grade-6-2023-2024-Achievement-Results.zip
2023-2024,6,29009,Northeastern Catholic DSB,en,Mathematics,20.0,20%,214.0,0,Grade-6-2023-2024-Achievement-Results.zip
2023-2024,6,29017,Nipissing-Parry Sound Catholic DSB,en,Reading,73.0,73%,192.0,0,Grade-6-2023-2024-Achievement-Results.zip
2023-2024,6,29017,Nipissing-Parry Sound Catholic DSB,en,Writing,75.0,75%,193.0,0,Grade-6-2023-2024-Achievement-Results.zip
2023-2024,6,29017,Nipissing-Parry Sound Catholic DSB,en,Mathematics,33.0,33%,192.0,0,Grade-6-2023-2024-Achievement-Results.zip
2023-2024,6,29025,Huron-Superior Catholic DSB,en,Reading,74.0,74%,406.0,0,Grade-6-2023-2024-Achievement-Results.zip
2023-2024,6,29025,Huron-Superior Catholic DSB,en,Writing,75.0,75%,408.0,0,Grade-6-2023-2024-Achievement-Results.zip
2023-2024,6,29025,Huron-Superior Catholic DSB,en,Mathematics,30.0,30%,402.0,0,Grade-6-2023-2024-Achievement-Results.zip
2023-2024,6,29033,Sudbury Catholic DSB,en,Reading,76.0,76%,445.0,0,Grade-6-2023-2024-Achievement-Results.zip
2023-2024,6,29033,Sudbury Catholic DSB,en,Writing,69.0,69%,445.0,0,Grade-6-2023-2024-Achievement-Results.zip
2023-2024,6,29033,Sudbury Catholic DSB,en,Mathematics,33.0,33%,445.0,0,Grade-6-2023-2024-Achievement-Results.zip
2023-2024,6,29041,Northwest Catholic DSB,en,Reading,73.0,73%,123.0,0,Grade-6-2023-2024-Achievement-Results.zip
2023-2024,6,29041,Northwest Catholic DSB,en,Writing,63.0,63%,123.0,0,Grade-6-2023-2024-Achievement-Results.zip
2023-2024,6,29041,Northwest Catholic DSB,en,Mathematics,33.0,33%,123.0,0,Grade-6-2023-2024-Achievement-Results.zip
2023-2024,6,29050,Kenora Catholic DSB,en,Reading,74.0,74%,92.0,0,Grade-6-2023-2024-Achievement-Results.zip
2023-2024,6,29050,Kenora Catholic DSB,en,Writing,68.0,68%,92.0,0,Grade-6-2023-2024-Achievement-Results.zip
2023-2024,6,29050,Kenora Catholic DSB,en,Mathematics,38.0,38%,92.0,0,Grade-6-2023-2024-Achievement-Results.zip
2023-2024,6,29068,Thunder Bay Catholic DSB,en,Reading,83.0,83%,478.0,0,Grade-6-2023-2024-Achievement-Results.zip
2023-2024,6,29068,Thunder Bay Catholic DSB,en,Writing,79.0,79%,478.0,0,Grade-6-2023-2024-Achievement-Results.zip
2023-2024,6,29068,Thunder Bay Catholic DSB,en,Mathematics,45.0,45%,478.0,0,Grade-6-2023-2024-Achievement-Results.zip
2023-2024,6,29076,Superior North Catholic DSB,en,Reading,70.0,70%,66.0,0,Grade-6-2023-2024-Achievement-Results.zip
2023-2024,6,29076,Superior North Catholic DSB,en,Writing,62.0,62%,66.0,0,Grade-6-2023-2024-Achievement-Results.zip
2023-2024,6,29076,Superior North Catholic DSB,en,Mathematics,20.0,20%,65.0,0,Grade-6-2023-2024-Achievement-Results.zip
2023-2024,6,29106,Le C.S.C.D. des Grandes Rivières,fr,Reading,95.0,95%,351.0,0,Grade-6-2023-2024-Achievement-Results.zip
2023-2024,6,29106,Le C.S.C.D. des Grandes Rivières,fr,Writing,62.0,62%,351.0,0,Grade-6-2023-2024-Achievement-Results.zip
2023-2024,6,29106,Le C.S.C.D. des Grandes Rivières,fr,Mathematics,38.0,38%,351.0,0,Grade-6-2023-2024-Achievement-Results.zip
2023-2024,6,29114,Le C.S. catholique Franco-Nord,fr,Reading,94.0,94%,166.0,0,Grade-6-2023-2024-Achievement-Results.zip
2023-2024,6,29114,Le C.S. catholique Franco-Nord,fr,Writing,51.0,51%,166.0,0,Grade-6-2023-2024-Achievement-Results.zip
2023-2024,6,29114,Le C.S. catholique Franco-Nord,fr,Mathematics,36.0,36%,165.0,0,Grade-6-2023-2024-Achievement-Results.zip
2023-2024,6,29122,Conseil scolaire catholique Nouvelon,fr,Reading,98.0,98%,409.0,0,Grade-6-2023-2024-Achievement-Results.zip
2023-2024,6,29122,Conseil scolaire catholique Nouvelon,fr,Writing,64.0,64%,409.0,0,Grade-6-2023-2024-Achievement-Results.zip
2023-2024,6,29122,Conseil scolaire catholique Nouvelon,fr,Mathematics,39.0,39%,409.0,0,Grade-6-2023-2024-Achievement-Results.zip
2023-2024,6,29130,Le C.S.D.C. des Aurores boréales,fr,Reading,96.0,96%,72.0,0,Grade-6-2023-2024-Achievement-Results.zip
2023-2024,6,29130,Le C.S.D.C. des Aurores boréales,fr,Writing,67.0,67%,72.0,0,Grade-6-2023-2024-Achievement-Results.zip
2023-2024,6,29130,Le C.S.D.C. des Aurores boréales,fr,Mathematics,49.0,49%,72.0,0,Grade-6-2023-2024-Achievement-Results.zip
2023-2024,6,66001,Bluewater DSB,en,Reading,76.0,76%,1313.0,0,Grade-6-2023-2024-Achievement-Results.zip
2023-2024,6,66001,Bluewater DSB,en,Writing,71.0,71%,1319.0,0,Grade-6-2023-2024-Achievement-Results.zip
2023-2024,6,66001,Bluewater DSB,en,Mathematics,39.0,39%,1315.0,0,Grade-6-2023-2024-Achievement-Results.zip
2023-2024,6,66010,Avon Maitland DSB,en,Reading,80.0,80%,943.0,0,Grade-6-2023-2024-Achievement-Results.zip
2023-2024,6,66010,Avon Maitland DSB,en,Writing,75.0,75%,945.0,0,Grade-6-2023-2024-Achievement-Results.zip
2023-2024,6,66010,Avon Maitland DSB,en,Mathematics,48.0,48%,942.0,0,Grade-6-2023-2024-Achievement-Results.zip
2023-2024,6,66028,Greater Essex County DSB,en,Reading,81.0,81%,2385.0,0,Grade-6-2023-2024-Achievement-Results.zip
2023-2024,6,66028,Greater Essex County DSB,en,Writing,79.0,79%,2385.0,0,Grade-6-2023-2024-Achievement-Results.zip
2023-2024,6,66028,Greater Essex County DSB,en,Mathematics,51.0,51%,2346.0,0,Grade-6-2023-2024-Achievement-Results.zip
2023-2024,6,66036,Lambton Kent District School Board,en,Reading,76.0,76%,1447.0,0,Grade-6-2023-2024-Achievement-Results.zip
2023-2024,6,66036,Lambton Kent District School Board,en,Writing,73.0,73%,1449.0,0,Grade-6-2023-2024-Achievement-Results.zip
2023-2024,6,66036,Lambton Kent District School Board,en,Mathematics,42.0,42%,1445.0,0,Grade-6-2023-2024-Achievement-Results.zip
2023-2024,6,66044,Thames Valley District School Board,en,Reading,78.0,78%,5618.0,0,Grade-6-2023-2024-Achievement-Results.zip
2023-2024,6,66044,Thames Valley District School Board,en,Writing,75.0,75%,5624.0,0,Grade-6-2023-2024-Achievement-Results.zip
2023-2024,6,66044,Thames Valley District School Board,en,Mathematics,48.0,48%,5625.0,0,Grade-6-2023-2024-Achievement-Results.zip
2023-2024,6,66052,Toronto DSB,en,Reading,81.0,81%,14883.0,0,Grade-6-2023-2024-Achievement-Results.zip
2023-2024,6,66052,Toronto DSB,en,Writing,80.0,80%,14932.0,0,Grade-6-2023-2024-Achievement-Results.zip
2023-2024,6,66052,Toronto DSB,en,Mathematics,52.0,52%,14913.0,0,Grade-6-2023-2024-Achievement-Results.zip
2023-2024,6,66060,Durham DSB,en,Reading,82.0,82%,5434.0,0,Grade-6-2023-2024-Achievement-Results.zip
2023-2024,6,66060,Durham DSB,en,Writing,80.0,80%,5444.0,0,Grade-6-2023-2024-Achievement-Results.zip
2023-2024,6,66060,Durham DSB,en,Mathematics,49.0,49%,5434.0,0,Grade-6-2023-2024-Achievement-Results.zip
2023-2024,6,66079,Kawartha Pine Ridge DSB,en,Reading,78.0,78%,2470.0,0,Grade-6-2023-2024-Achievement-Results.zip
2023-2024,6,66079,Kawartha Pine Ridge DSB,en,Writing,75.0,75%,2475.0,0,Grade-6-2023-2024-Achievement-Results.zip
2023-2024,6,66079,Kawartha Pine Ridge DSB,en,Mathematics,42.0,42%,2468.0,0,Grade-6-2023-2024-Achievement-Results.zip
2023-2024,6,66087,Trillium Lakelands DSB,en,Reading,81.0,81%,1149.0,0,Grade-6-2023-2024-Achievement-Results.zip
2023-2024,6,66087,Trillium Lakelands DSB,en,Writing,79.0,79%,1153.0,0,Grade-6-2023-2024-Achievement-Results.zip
2023-2024,6,66087,Trillium Lakelands DSB,en,Mathematics,49.0,49%,1146.0,0,Grade-6-2023-2024-Achievement-Results.zip
2023-2024,6,66095,York Region DSB,en,Reading,87.0,87%,9377.0,0,Grade-6-2023-2024-Achievement-Results.zip
2023-2024,6,66095,York Region DSB,en,Writing,88.0,88%,9388.0,0,Grade-6-2023-2024-Achievement-Results.zip
2023-2024,6,66095,York Region DSB,en,Mathematics,64.0,64%,9399.0,0,Grade-6-2023-2024-Achievement-Results.zip
2023-2024,6,66109,Simcoe County DSB,en,Reading,77.0,77%,3765.0,0,Grade-6-2023-2024-Achievement-Results.zip
2023-2024,6,66109,Simcoe County DSB,en,Writing,74.0,74%,3776.0,0,Grade-6-2023-2024-Achievement-Results.zip
2023-2024,6,66109,Simcoe County DSB,en,Mathematics,47.0,47%,3755.0,0,Grade-6-2023-2024-Achievement-Results.zip
2023-2024,6,66117,Upper Grand DSB,en,Reading,86.0,86%,2417.0,0,Grade-6-2023-2024-Achievement-Results.zip
2023-2024,6,66117,Upper Grand DSB,en,Writing,85.0,85%,2420.0,0,Grade-6-2023-2024-Achievement-Results.zip
2023-2024,6,66117,Upper Grand DSB,en,Mathematics,56.0,56%,2417.0,0,Grade-6-2023-2024-Achievement-Results.zip
2023-2024,6,66125,Peel District School Board,en,Reading,81.0,81%,9849.0,0,Grade-6-2023-2024-Achievement-Results.zip
2023-2024,6,66125,Peel District School Board,en,Writing,80.0,80%,9868.0,0,Grade-6-2023-2024-Achievement-Results.zip
2023-2024,6,66125,Peel District School Board,en,Mathematics,49.0,49%,9845.0,0,Grade-6-2023-2024-Achievement-Results.zip
2023-2024,6,66133,Halton DSB,en,Reading,88.0,88%,4701.0,0,Grade-6-2023-2024-Achievement-Results.zip
2023-2024,6,66133,Halton DSB,en,Writing,87.0,87%,4704.0,0,Grade-6-2023-2024-Achievement-Results.zip
2023-2024,6,66133,Halton DSB,en,Mathematics,62.0,62%,4694.0,0,Grade-6-2023-2024-Achievement-Results.zip
2023-2024,6,66141,Hamilton-Wentworth DSB,en,Reading,75.0,75%,3547.0,0,Grade-6-2023-2024-Achievement-Results.zip
2023-2024,6,66141,Hamilton-Wentworth DSB,en,Writing,72.0,72%,3556.0,0,Grade-6-2023-2024-Achievement-Results.zip
2023-2024,6,66141,Hamilton-Wentworth DSB,en,Mathematics,36.0,36%,3545.0,0,Grade-6-2023-2024-Achievement-Results.zip
2023-2024,6,66150,DSB of Niagara,en,Reading,92.0,92%,2747.0,0,Grade-6-2023-2024-Achievement-Results.zip
2023-2024,6,66150,DSB of Niagara,en,Writing,92.0,92%,2750.0,0,Grade-6-2023-2024-Achievement-Results.zip
2023-2024,6,66150,DSB of Niagara,en,Mathematics,68.0,68%,2749.0,0,Grade-6-2023-2024-Achievement-Results.zip
2023-2024,6,66168,Grand Erie DSB,en,Reading,74.0,74%,1833.0,0,Grade-6-2023-2024-Achievement-Results.zip
2023-2024,6,66168,Grand Erie DSB,en,Writing,70.0,70%,1837.0,0,Grade-6-2023-2024-Achievement-Results.zip
2023-2024,6,66168,Grand Erie DSB,en,Mathematics,41.0,41%,1835.0,0,Grade-6-2023-2024-Achievement-Results.zip
2023-2024,6,66176,Waterloo Region DSB,en,Reading,82.0,82%,4161.0,0,Grade-6-2023-2024-Achievement-Results.zip
2023-2024,6,66176,Waterloo Region DSB,en,Writing,81.0,81%,4174.0,0,Grade-6-2023-2024-Achievement-Results.zip
2023-2024,6,66176,Waterloo Region DSB,en,Mathematics,52.0,52%,4163.0,0,Grade-6-2023-2024-Achievement-Results.zip
2023-2024,6,66184,Ottawa-Carleton DSB,en,Reading,81.0,81%,4954.0,0,Grade-6-2023-2024-Achievement-Results.zip
2023-2024,6,66184,Ottawa-Carleton DSB,en,Writing,79.0,79%,4959.0,0,Grade-6-2023-2024-Achievement-Results.zip
2023-2024,6,66184,Ottawa-Carleton DSB,en,Mathematics,52.0,52%,4966.0,0,Grade-6-2023-2024-Achievement-Results.zip
2023-2024,6,66192,Upper Canada DSB,en,Reading,81.0,81%,1827.0,0,Grade-6-2023-2024-Achievement-Results.zip
2023-2024,6,66192,Upper Canada DSB,en,Writing,76.0,76%,1834.0,0,Grade-6-2023-2024-Achievement-Results.zip
2023-2024,6,66192,Upper Canada DSB,en,Mathematics,41.0,41%,1827.0,0,Grade-6-2023-2024-Achievement-Results.zip
2023-2024,6,66206,Limestone DSB,en,Reading,79.0,79%,1240.0,0,Grade-6-2023-2024-Achievement-Results.zip
2023-2024,6,66206,Limestone DSB,en,Writing,73.0,73%,1242.0,0,Grade-6-2023-2024-Achievement-Results.zip
2023-2024,6,66206,Limestone DSB,en,Mathematics,40.0,40%,1239.0,0,Grade-6-2023-2024-Achievement-Results.zip
2023-2024,6,66214,Renfrew County DSB,en,Reading,75.0,75%,609.0,0,Grade-6-2023-2024-Achievement-Results.zip
2023-2024,6,66214,Renfrew County DSB,en,Writing,69.0,69%,609.0,0,Grade-6-2023-2024-Achievement-Results.zip
2023-2024,6,66214,Renfrew County DSB,en,Mathematics,35.0,35%,609.0,0,Grade-6-2023-2024-Achievement-Results.zip
2023-2024,6,66222,Hastings and Prince Edward DSB,en,Reading,73.0,73%,1073.0,0,Grade-6-2023-2024-Achievement-Results.zip
2023-2024,6,66222,Hastings and Prince Edward DSB,en,Writing,70.0,70%,1074.0,0,Grade-6-2023-2024-Achievement-Results.zip
2023-2024,6,66222,Hastings and Prince Edward DSB,en,Mathematics,39.0,39%,1072.0,0,Grade-6-2023-2024-Achievement-Results.zip
2023-2024,6,66303,Conseil scolaire Viamonde,fr,Reading,99.0,99%,1033.0,0,Grade-6-2023-2024-Achievement-Results.zip
2023-2024,6,66303,Conseil scolaire Viamonde,fr,Writing,86.0,86%,1032.0,0,Grade-6-2023-2024-Achievement-Results.zip
2023-2024,6,66303,Conseil scolaire Viamonde,fr,Mathematics,72.0,72%,1032.0,0,Grade-6-2023-2024-Achievement-Results.zip
2023-2024,6,66311,Conseil des écoles publiques de l'Est de l'Ontario,fr,Reading,98.0,98%,1295.0,0,Grade-6-2023-2024-Achievement-Results.zip
2023-2024,6,66311,Conseil des écoles publiques de l'Est de l'Ontario,fr,Writing,83.0,83%,1295.0,0,Grade-6-2023-2024-Achievement-Results.zip
2023-2024,6,66311,Conseil des écoles publiques de l'Est de l'Ontario,fr,Mathematics,62.0,62%,1296.0,0,Grade-6-2023-2024-Achievement-Results.zip
2023-2024,6,67008,Bruce-Grey Catholic DSB,en,Reading,85.0,85%,277.0,0,Grade-6-2023-2024-Achievement-Results.zip
2023-2024,6,67008,Bruce-Grey Catholic DSB,en,Writing,84.0,84%,277.0,0,Grade-6-2023-2024-Achievement-Results.zip
2023-2024,6,67008,Bruce-Grey Catholic DSB,en,Mathematics,55.0,55%,278.0,0,Grade-6-2023-2024-Achievement-Results.zip
2023-2024,6,67016,Huron-Perth Catholic DSB,en,Reading,88.0,88%,390.0,0,Grade-6-2023-2024-Achievement-Results.zip
2023-2024,6,67016,Huron-Perth Catholic DSB,en,Writing,83.0,83%,390.0,0,Grade-6-2023-2024-Achievement-Results.zip
2023-2024,6,67016,Huron-Perth Catholic DSB,en,Mathematics,46.0,46%,390.0,0,Grade-6-2023-2024-Achievement-Results.zip
2023-2024,6,67024,Windsor-Essex Catholic DSB,en,Reading,91.0,91%,1451.0,0,Grade-6-2023-2024-Achievement-Results.zip
2023-2024,6,67024,Windsor-Essex Catholic DSB,en,Writing,91.0,91%,1451.0,0,Grade-6-2023-2024-Achievement-Results.zip
2023-2024,6,67024,Windsor-Essex Catholic DSB,en,Mathematics,59.0,59%,1450.0,0,Grade-6-2023-2024-Achievement-Results.zip
2023-2024,6,67032,London District Catholic School Board,en,Reading,81.0,81%,1574.0,0,Grade-6-2023-2024-Achievement-Results.zip
2023-2024,6,67032,London District Catholic School Board,en,Writing,80.0,80%,1575.0,0,Grade-6-2023-2024-Achievement-Results.zip
2023-2024,6,67032,London District Catholic School Board,en,Mathematics,47.0,47%,1573.0,0,Grade-6-2023-2024-Achievement-Results.zip
2023-2024,6,67040,St. Clair Catholic District School Board,en,Reading,78.0,78%,626.0,0,Grade-6-2023-2024-Achievement-Results.zip
2023-2024,6,67040,St. Clair Catholic District School Board,en,Writing,80.0,80%,627.0,0,Grade-6-2023-2024-Achievement-Results.zip
2023-2024,6,67040,St. Clair Catholic District School Board,en,Mathematics,47.0,47%,626.0,0,Grade-6-2023-2024-Achievement-Results.zip
2023-2024,6,67059,Toronto Catholic District School Board,en,Reading,83.0,83%,5577.0,0,Grade-6-2023-2024-Achievement-Results.zip
2023-2024,6,67059,Toronto Catholic District School Board,en,Writing,84.0,84%,5586.0,0,Grade-6-2023-2024-Achievement-Results.zip
2023-2024,6,67059,Toronto Catholic District School Board,en,Mathematics,48.0,48%,5590.0,0,Grade-6-2023-2024-Achievement-Results.zip
2023-2024,6,67067,Peterborough Victoria Northumberland and Clarington CDSB,en,Reading,82.0,82%,1050.0,0,Grade-6-2023-2024-Achievement-Results.zip
2023-2024,6,67067,Peterborough Victoria Northumberland and Clarington CDSB,en,Writing,78.0,78%,1049.0,0,Grade-6-2023-2024-Achievement-Results.zip
2023-2024,6,67067,Peterborough Victoria Northumberland and Clarington CDSB,en,Mathematics,44.0,44%,1049.0,0,Grade-6-2023-2024-Achievement-Results.zip
2023-2024,6,67075,York Catholic DSB,en,Reading,89.0,89%,3364.0,0,Grade-6-2023-2024-Achievement-Results.zip
2023-2024,6,67075,York Catholic DSB,en,Writing,90.0,90%,3364.0,0,Grade-6-2023-2024-Achievement-Results.zip
2023-2024,6,67075,York Catholic DSB,en,Mathematics,60.0,60%,3361.0,0,Grade-6-2023-2024-Achievement-Results.zip
2023-2024,6,67083,Dufferin-Peel Catholic DSB,en,Reading,85.0,85%,4223.0,0,Grade-6-2023-2024-Achievement-Results.zip
2023-2024,6,67083,Dufferin-Peel Catholic DSB,en,Writing,85.0,85%,4229.0,0,Grade-6-2023-2024-Achievement-Results.zip
2023-2024,6,67083,Dufferin-Peel Catholic DSB,en,Mathematics,47.0,47%,4228.0,0,Grade-6-2023-2024-Achievement-Results.zip
2023-2024,6,67091,Simcoe Muskoka Catholic DSB,en,Reading,79.0,79%,1619.0,0,Grade-6-2023-2024-Achievement-Results.zip
2023-2024,6,67091,Simcoe Muskoka Catholic DSB,en,Writing,79.0,79%,1622.0,0,Grade-6-2023-2024-Achievement-Results.zip
2023-2024,6,67091,Simcoe Muskoka Catholic DSB,en,Mathematics,38.0,38%,1620.0,0,Grade-6-2023-2024-Achievement-Results.zip
2023-2024,6,67105,Durham Catholic DSB,en,Reading,85.0,85%,1524.0,0,Grade-6-2023-2024-Achievement-Results.zip
2023-2024,6,67105,Durham Catholic DSB,en,Writing,84.0,84%,1525.0,0,Grade-6-2023-2024-Achievement-Results.zip
2023-2024,6,67105,Durham Catholic DSB,en,Mathematics,51.0,51%,1520.0,0,Grade-6-2023-2024-Achievement-Results.zip
2023-2024,6,67113,Halton Catholic DSB,en,Reading,87.0,87%,2288.0,0,Grade-6-2023-2024-Achievement-Results.zip
2023-2024,6,67113,Halton Catholic DSB,en,Writing,85.0,85%,2289.0,0,Grade-6-2023-2024-Achievement-Results.zip
2023-2024,6,67113,Halton Catholic DSB,en,Mathematics,58.0,58%,2288.0,0,Grade-6-2023-2024-Achievement-Results.zip
2023-2024,6,67121,Hamilton-Wentworth Catholic DSB,en,Reading,83.0,83%,1840.0,0,Grade-6-2023-2024-Achievement-Results.zip
2023-2024,6,67121,Hamilton-Wentworth Catholic DSB,en,Writing,82.0,82%,1840.0,0,Grade-6-2023-2024-Achievement-Results.zip
2023-2024,6,67121,Hamilton-Wentworth Catholic DSB,en,Mathematics,51.0,51%,1839.0,0,Grade-6-2023-2024-Achievement-Results.zip
2023-2024,6,67130,Wellington Catholic DSB,en,Reading,85.0,85%,581.0,0,Grade-6-2023-2024-Achievement-Results.zip
2023-2024,6,67130,Wellington Catholic DSB,en,Writing,85.0,85%,581.0,0,Grade-6-2023-2024-Achievement-Results.zip
2023-2024,6,67130,Wellington Catholic DSB,en,Mathematics,54.0,54%,579.0,0,Grade-6-2023-2024-Achievement-Results.zip
2023-2024,6,67148,Waterloo Catholic DSB,en,Reading,81.0,81%,1738.0,0,Grade-6-2023-2024-Achievement-Results.zip
2023-2024,6,67148,Waterloo Catholic DSB,en,Writing,79.0,79%,1741.0,0,Grade-6-2023-2024-Achievement-Results.zip
2023-2024,6,67148,Waterloo Catholic DSB,en,Mathematics,53.0,53%,1742.0,0,Grade-6-2023-2024-Achievement-Results.zip
2023-2024,6,67156,Niagara Catholic DSB,en,Reading,84.0,84%,1414.0,0,Grade-6-2023-2024-Achievement-Results.zip
2023-2024,6,67156,Niagara Catholic DSB,en,Writing,82.0,82%,1415.0,0,Grade-6-2023-2024-Achievement-Results.zip
2023-2024,6,67156,Niagara Catholic DSB,en,Mathematics,53.0,53%,1413.0,0,Grade-6-2023-2024-Achievement-Results.zip
2023-2024,6,67164,Brant Haldimand Norfolk Catholic DSB,en,Reading,83.0,83%,813.0,0,Grade-6-2023-2024-Achievement-Results.zip
2023-2024,6,67164,Brant Haldimand Norfolk Catholic DSB,en,Writing,80.0,80%,816.0,0,Grade-6-2023-2024-Achievement-Results.zip
2023-2024,6,67164,Brant Haldimand Norfolk Catholic DSB,en,Mathematics,41.0,41%,811.0,0,Grade-6-2023-2024-Achievement-Results.zip
2023-2024,6,67172,Catholic DSB of Eastern Ontario,en,Reading,79.0,79%,941.0,0,Grade-6-2023-2024-Achievement-Results.zip
2023-2024,6,67172,Catholic DSB of Eastern Ontario,en,Writing,77.0,77%,939.0,0,Grade-6-2023-2024-Achievement-Results.zip
2023-2024,6,67172,Catholic DSB of Eastern Ontario,en,Mathematics,42.0,42%,933.0,0,Grade-6-2023-2024-Achievement-Results.zip
2023-2024,6,67180,Ottawa Catholic District School Board,en,Reading,86.0,86%,3296.0,0,Grade-6-2023-2024-Achievement-Results.zip
2023-2024,6,67180,Ottawa Catholic District School Board,en,Writing,85.0,85%,3296.0,0,Grade-6-2023-2024-Achievement-Results.zip
2023-2024,6,67180,Ottawa Catholic District School Board,en,Mathematics,52.0,52%,3302.0,0,Grade-6-2023-2024-Achievement-Results.zip
2023-2024,6,67199,Renfrew County Catholic DSB,en,Reading,92.0,92%,355.0,0,Grade-6-2023-2024-Achievement-Results.zip
2023-2024,6,67199,Renfrew County Catholic DSB,en,Writing,90.0,90%,355.0,0,Grade-6-2023-2024-Achievement-Results.zip
2023-2024,6,67199,Renfrew County Catholic DSB,en,Mathematics,60.0,60%,353.0,0,Grade-6-2023-2024-Achievement-Results.zip
2023-2024,6,67202,Algonquin and Lakeshore Catholic DSB,en,Reading,81.0,81%,830.0,0,Grade-6-2023-2024-Achievement-Results.zip
2023-2024,6,67202,Algonquin and Lakeshore Catholic DSB,en,Writing,78.0,78%,830.0,0,Grade-6-2023-2024-Achievement-Results.zip
2023-2024,6,67202,Algonquin and Lakeshore Catholic DSB,en,Mathematics,38.0,38%,829.0,0,Grade-6-2023-2024-Achievement-Results.zip
2023-2024,6,67300,Conseil scolaire catholique Providence,fr,Reading,95.0,95%,703.0,0,Grade-6-2023-2024-Achievement-Results.zip
2023-2024,6,67300,Conseil scolaire catholique Providence,fr,Writing,67.0,67%,703.0,0,Grade-6-2023-2024-Achievement-Results.zip
2023-2024,6,67300,Conseil scolaire catholique Providence,fr,Mathematics,47.0,47%,702.0,0,Grade-6-2023-2024-Achievement-Results.zip
2023-2024,6,67318,Le Conseil scolaire catholique MonAvenir,fr,Reading,97.0,97%,1207.0,0,Grade-6-2023-2024-Achievement-Results.zip
2023-2024,6,67318,Le Conseil scolaire catholique MonAvenir,fr,Writing,81.0,81%,1208.0,0,Grade-6-2023-2024-Achievement-Results.zip
2023-2024,6,67318,Le Conseil scolaire catholique MonAvenir,fr,Mathematics,62.0,62%,1206.0,0,Grade-6-2023-2024-Achievement-Results.zip
2023-2024,6,67326,Le C.S.D.C. de l'Est ontarien,fr,Reading,98.0,98%,690.0,0,Grade-6-2023-2024-Achievement-Results.zip
2023-2024,6,67326,Le C.S.D.C. de l'Est ontarien,fr,Writing,79.0,79%,690.0,0,Grade-6-2023-2024-Achievement-Results.zip
2023-2024,6,67326,Le C.S.D.C. de l'Est ontarien,fr,Mathematics,52.0,52%,696.0,0,Grade-6-2023-2024-Achievement-Results.zip
2023-2024,6,67334,Conseil des écoles catholiques du Centre-Est (CECCE),fr,Reading,98.0,98%,1963.0,0,Grade-6-2023-2024-Achievement-Results.zip
2023-2024,6,67334,Conseil des écoles catholiques du Centre-Est (CECCE),fr,Writing,87.0,87%,1965.0,0,Grade-6-2023-2024-Achievement-Results.zip
2023-2024,6,67334,Conseil des écoles catholiques du Centre-Est (CECCE),fr,Mathematics,64.0,64%,1964.0,0,Grade-6-2023-2024-Achievement-Results.zip
2023-2024,6,76686,Provincial Schools,en,Reading,55.0,55%,31.0,0,Grade-6-2023-2024-Achievement-Results.zip
2023-2024,6,76686,Provincial Schools,en,Writing,32.0,32%,31.0,0,Grade-6-2023-2024-Achievement-Results.zip
2023-2024,6,76686,Provincial Schools,en,Mathematics,16.0,16%,31.0,0,Grade-6-2023-2024-Achievement-Results.zip
2023-2024,6,79910,Penetanguishene Protestant SSB,en,Reading,100.0,100%,25.0,0,Grade-6-2023-2024-Achievement-Results.zip
2023-2024,6,79910,Penetanguishene Protestant SSB,en,Writing,92.0,92%,25.0,0,Grade-6-2023-2024-Achievement-Results.zip
2023-2024,6,79910,Penetanguishene Protestant SSB,en,Mathematics,64.0,64%,25.0,0,Grade-6-2023-2024-Achievement-Results.zip
2023-2024,6,80509,Consortium Centre Jules-Léger,fr,Reading,,S. R.,,1,Grade-6-2023-2024-Achievement-Results.zip
2023-2024,6,80509,Consortium Centre Jules-Léger,fr,Writing,,S. R.,,1,Grade-6-2023-2024-Achievement-Results.zip
2023-2024,6,80509,Consortium Centre Jules-Léger,fr,Mathematics,,S. R.,,1,Grade-6-2023-2024-Achievement-Results.zip
2024-2025,6,15199,Moose Factory Island DSAB,en,Reading,55.0,55%,29.0,0,Grade-6-2024-2025-Achievement-Results.zip
2024-2025,6,15199,Moose Factory Island DSAB,en,Writing,55.0,55%,33.0,0,Grade-6-2024-2025-Achievement-Results.zip
2024-2025,6,15199,Moose Factory Island DSAB,en,Mathematics,6.0,6%,31.0,0,Grade-6-2024-2025-Achievement-Results.zip
2024-2025,6,15202,Moosonee DSAB,en,Reading,52.0,52%,23.0,0,Grade-6-2024-2025-Achievement-Results.zip
2024-2025,6,15202,Moosonee DSAB,en,Writing,52.0,52%,23.0,0,Grade-6-2024-2025-Achievement-Results.zip
2024-2025,6,15202,Moosonee DSAB,en,Mathematics,4.0,4%,23.0,0,Grade-6-2024-2025-Achievement-Results.zip
2024-2025,6,28002,DSB Ontario North East,en,Reading,73.0,73%,431.0,0,Grade-6-2024-2025-Achievement-Results.zip
2024-2025,6,28002,DSB Ontario North East,en,Writing,70.0,70%,432.0,0,Grade-6-2024-2025-Achievement-Results.zip
2024-2025,6,28002,DSB Ontario North East,en,Mathematics,28.0,28%,432.0,0,Grade-6-2024-2025-Achievement-Results.zip
2024-2025,6,28010,Algoma DSB,en,Reading,78.0,78%,651.0,0,Grade-6-2024-2025-Achievement-Results.zip
2024-2025,6,28010,Algoma DSB,en,Writing,76.0,76%,654.0,0,Grade-6-2024-2025-Achievement-Results.zip
2024-2025,6,28010,Algoma DSB,en,Mathematics,41.0,41%,649.0,0,Grade-6-2024-2025-Achievement-Results.zip
2024-2025,6,28029,Rainbow District School Board,en,Reading,86.0,86%,927.0,0,Grade-6-2024-2025-Achievement-Results.zip
2024-2025,6,28029,Rainbow District School Board,en,Writing,83.0,83%,927.0,0,Grade-6-2024-2025-Achievement-Results.zip
2024-2025,6,28029,Rainbow District School Board,en,Mathematics,49.0,49%,924.0,0,Grade-6-2024-2025-Achievement-Results.zip
2024-2025,6,28037,Near North DSB,en,Reading,79.0,79%,680.0,0,Grade-6-2024-2025-Achievement-Results.zip
2024-2025,6,28037,Near North DSB,en,Writing,72.0,72%,681.0,0,Grade-6-2024-2025-Achievement-Results.zip
2024-2025,6,28037,Near North DSB,en,Mathematics,29.0,29%,679.0,0,Grade-6-2024-2025-Achievement-Results.zip
2024-2025,6,28045,Keewatin-Patricia DSB,en,Reading,82.0,82%,268.0,0,Grade-6-2024-2025-Achievement-Results.zip
2024-2025,6,28045,Keewatin-Patricia DSB,en,Writing,80.0,80%,269.0,0,Grade-6-2024-2025-Achievement-Results.zip
2024-2025,6,28045,Keewatin-Patricia DSB,en,Mathematics,46.0,46%,267.0,0,Grade-6-2024-2025-Achievement-Results.zip
2024-2025,6,28053,Rainy River DSB,en,Reading,73.0,73%,155.0,0,Grade-6-2024-2025-Achievement-Results.zip
2024-2025,6,28053,Rainy River DSB,en,Writing,76.0,76%,157.0,0,Grade-6-2024-2025-Achievement-Results.zip
2024-2025,6,28053,Rainy River DSB,en,Mathematics,26.0,26%,155.0,0,Grade-6-2024-2025-Achievement-Results.zip
2024-2025,6,28061,Lakehead DSB,en,Reading,85.0,85%,584.0,0,Grade-6-2024-2025-Achievement-Results.zip
2024-2025,6,28061,Lakehead DSB,en,Writing,86.0,86%,584.0,0,Grade-6-2024-2025-Achievement-Results.zip
2024-2025,6,28061,Lakehead DSB,en,Mathematics,50.0,50%,580.0,0,Grade-6-2024-2025-Achievement-Results.zip
2024-2025,6,28070,Superior-Greenstone DSB,en,Reading,82.0,82%,51.0,0,Grade-6-2024-2025-Achievement-Results.zip
2024-2025,6,28070,Superior-Greenstone DSB,en,Writing,78.0,78%,51.0,0,Grade-6-2024-2025-Achievement-Results.zip
2024-2025,6,28070,Superior-Greenstone DSB,en,Mathematics,39.0,39%,51.0,0,Grade-6-2024-2025-Achievement-Results.zip
2024-2025,6,28100,Le C.S. public du Nord-Est de l'Ontario,fr,Reading,75.0,75%,150.0,0,Grade-6-2024-2025-Achievement-Results.zip
2024-2025,6,28100,Le C.S. public du Nord-Est de l'Ontario,fr,Writing,54.0,54%,151.0,0,Grade-6-2024-2025-Achievement-Results.zip
2024-2025,6,28100,Le C.S. public du Nord-Est de l'Ontario,fr,Mathematics,45.0,45%,149.0,0,Grade-6-2024-2025-Achievement-Results.zip
2024-2025,6,28118,Conseil scolaire du Grand Nord,fr,Reading,81.0,81%,176.0,0,Grade-6-2024-2025-Achievement-Results.zip
2024-2025,6,28118,Conseil scolaire du Grand Nord,fr,Writing,70.0,70%,176.0,0,Grade-6-2024-2025-Achievement-Results.zip
2024-2025,6,28118,Conseil scolaire du Grand Nord,fr,Mathematics,49.0,49%,176.0,0,Grade-6-2024-2025-Achievement-Results.zip
2024-2025,6,29009,Northeastern Catholic DSB,en,Reading,79.0,79%,191.0,0,Grade-6-2024-2025-Achievement-Results.zip
2024-2025,6,29009,Northeastern Catholic DSB,en,Writing,76.0,76%,191.0,0,Grade-6-2024-2025-Achievement-Results.zip
2024-2025,6,29009,Northeastern Catholic DSB,en,Mathematics,31.0,31%,191.0,0,Grade-6-2024-2025-Achievement-Results.zip
2024-2025,6,29017,Nipissing-Parry Sound Catholic DSB,en,Reading,88.0,88%,196.0,0,Grade-6-2024-2025-Achievement-Results.zip
2024-2025,6,29017,Nipissing-Parry Sound Catholic DSB,en,Writing,82.0,82%,196.0,0,Grade-6-2024-2025-Achievement-Results.zip
2024-2025,6,29017,Nipissing-Parry Sound Catholic DSB,en,Mathematics,35.0,35%,196.0,0,Grade-6-2024-2025-Achievement-Results.zip
2024-2025,6,29025,Huron-Superior Catholic DSB,en,Reading,82.0,82%,373.0,0,Grade-6-2024-2025-Achievement-Results.zip
2024-2025,6,29025,Huron-Superior Catholic DSB,en,Writing,80.0,80%,373.0,0,Grade-6-2024-2025-Achievement-Results.zip
2024-2025,6,29025,Huron-Superior Catholic DSB,en,Mathematics,33.0,33%,372.0,0,Grade-6-2024-2025-Achievement-Results.zip
2024-2025,6,29033,Sudbury Catholic DSB,en,Reading,82.0,82%,451.0,0,Grade-6-2024-2025-Achievement-Results.zip
2024-2025,6,29033,Sudbury Catholic DSB,en,Writing,79.0,79%,457.0,0,Grade-6-2024-2025-Achievement-Results.zip
2024-2025,6,29033,Sudbury Catholic DSB,en,Mathematics,32.0,32%,453.0,0,Grade-6-2024-2025-Achievement-Results.zip
2024-2025,6,29041,Northwest Catholic DSB,en,Reading,78.0,78%,116.0,0,Grade-6-2024-2025-Achievement-Results.zip
2024-2025,6,29041,Northwest Catholic DSB,en,Writing,77.0,77%,118.0,0,Grade-6-2024-2025-Achievement-Results.zip
2024-2025,6,29041,Northwest Catholic DSB,en,Mathematics,28.0,28%,117.0,0,Grade-6-2024-2025-Achievement-Results.zip
2024-2025,6,29050,Kenora Catholic DSB,en,Reading,81.0,81%,86.0,0,Grade-6-2024-2025-Achievement-Results.zip
2024-2025,6,29050,Kenora Catholic DSB,en,Writing,78.0,78%,86.0,0,Grade-6-2024-2025-Achievement-Results.zip
2024-2025,6,29050,Kenora Catholic DSB,en,Mathematics,38.0,38%,86.0,0,Grade-6-2024-2025-Achievement-Results.zip
2024-2025,6,29068,Thunder Bay Catholic DSB,en,Reading,84.0,84%,503.0,0,Grade-6-2024-2025-Achievement-Results.zip
2024-2025,6,29068,Thunder Bay Catholic DSB,en,Writing,84.0,84%,503.0,0,Grade-6-2024-2025-Achievement-Results.zip
2024-2025,6,29068,Thunder Bay Catholic DSB,en,Mathematics,44.0,44%,501.0,0,Grade-6-2024-2025-Achievement-Results.zip
2024-2025,6,29076,Superior North Catholic DSB,en,Reading,78.0,78%,60.0,0,Grade-6-2024-2025-Achievement-Results.zip
2024-2025,6,29076,Superior North Catholic DSB,en,Writing,67.0,67%,60.0,0,Grade-6-2024-2025-Achievement-Results.zip
2024-2025,6,29076,Superior North Catholic DSB,en,Mathematics,41.0,41%,58.0,0,Grade-6-2024-2025-Achievement-Results.zip
2024-2025,6,29106,Le C.S.C.D. des Grandes Rivières,fr,Reading,79.0,79%,375.0,0,Grade-6-2024-2025-Achievement-Results.zip
2024-2025,6,29106,Le C.S.C.D. des Grandes Rivières,fr,Writing,58.0,58%,375.0,0,Grade-6-2024-2025-Achievement-Results.zip
2024-2025,6,29106,Le C.S.C.D. des Grandes Rivières,fr,Mathematics,51.0,51%,375.0,0,Grade-6-2024-2025-Achievement-Results.zip
2024-2025,6,29114,Le C.S. catholique Franco-Nord,fr,Reading,71.0,71%,195.0,0,Grade-6-2024-2025-Achievement-Results.zip
2024-2025,6,29114,Le C.S. catholique Franco-Nord,fr,Writing,52.0,52%,196.0,0,Grade-6-2024-2025-Achievement-Results.zip
2024-2025,6,29114,Le C.S. catholique Franco-Nord,fr,Mathematics,43.0,43%,196.0,0,Grade-6-2024-2025-Achievement-Results.zip
2024-2025,6,29122,Conseil scolaire catholique Nouvelon,fr,Reading,83.0,83%,392.0,0,Grade-6-2024-2025-Achievement-Results.zip
2024-2025,6,29122,Conseil scolaire catholique Nouvelon,fr,Writing,65.0,65%,392.0,0,Grade-6-2024-2025-Achievement-Results.zip
2024-2025,6,29122,Conseil scolaire catholique Nouvelon,fr,Mathematics,48.0,48%,392.0,0,Grade-6-2024-2025-Achievement-Results.zip
2024-2025,6,29130,Le C.S.D.C. des Aurores boréales,fr,Reading,94.0,94%,51.0,0,Grade-6-2024-2025-Achievement-Results.zip
2024-2025,6,29130,Le C.S.D.C. des Aurores boréales,fr,Writing,78.0,78%,51.0,0,Grade-6-2024-2025-Achievement-Results.zip
2024-2025,6,29130,Le C.S.D.C. des Aurores boréales,fr,Mathematics,69.0,69%,51.0,0,Grade-6-2024-2025-Achievement-Results.zip
2024-2025,6,66001,Bluewater DSB,en,Reading,79.0,79%,1324.0,0,Grade-6-2024-2025-Achievement-Results.zip
2024-2025,6,66001,Bluewater DSB,en,Writing,78.0,78%,1331.0,0,Grade-6-2024-2025-Achievement-Results.zip
2024-2025,6,66001,Bluewater DSB,en,Mathematics,39.0,39%,1322.0,0,Grade-6-2024-2025-Achievement-Results.zip
2024-2025,6,66010,Avon Maitland DSB,en,Reading,86.0,86%,1037.0,0,Grade-6-2024-2025-Achievement-Results.zip
2024-2025,6,66010,Avon Maitland DSB,en,Writing,86.0,86%,1036.0,0,Grade-6-2024-2025-Achievement-Results.zip
2024-2025,6,66010,Avon Maitland DSB,en,Mathematics,52.0,52%,1039.0,0,Grade-6-2024-2025-Achievement-Results.zip
2024-2025,6,66028,Greater Essex County DSB,en,Reading,86.0,86%,2176.0,0,Grade-6-2024-2025-Achievement-Results.zip
2024-2025,6,66028,Greater Essex County DSB,en,Writing,85.0,85%,2179.0,0,Grade-6-2024-2025-Achievement-Results.zip
2024-2025,6,66028,Greater Essex County DSB,en,Mathematics,51.0,51%,2167.0,0,Grade-6-2024-2025-Achievement-Results.zip
2024-2025,6,66036,Lambton Kent District School Board,en,Reading,79.0,79%,1407.0,0,Grade-6-2024-2025-Achievement-Results.zip
2024-2025,6,66036,Lambton Kent District School Board,en,Writing,77.0,77%,1408.0,0,Grade-6-2024-2025-Achievement-Results.zip
2024-2025,6,66036,Lambton Kent District School Board,en,Mathematics,41.0,41%,1407.0,0,Grade-6-2024-2025-Achievement-Results.zip
2024-2025,6,66044,Thames Valley District School Board,en,Reading,82.0,82%,5546.0,0,Grade-6-2024-2025-Achievement-Results.zip
2024-2025,6,66044,Thames Valley District School Board,en,Writing,81.0,81%,5562.0,0,Grade-6-2024-2025-Achievement-Results.zip
2024-2025,6,66044,Thames Valley District School Board,en,Mathematics,50.0,50%,5544.0,0,Grade-6-2024-2025-Achievement-Results.zip
2024-2025,6,66052,Toronto DSB,en,Reading,84.0,84%,14579.0,0,Grade-6-2024-2025-Achievement-Results.zip
2024-2025,6,66052,Toronto DSB,en,Writing,83.0,83%,14661.0,0,Grade-6-2024-2025-Achievement-Results.zip
2024-2025,6,66052,Toronto DSB,en,Mathematics,52.0,52%,14665.0,0,Grade-6-2024-2025-Achievement-Results.zip
2024-2025,6,66060,Durham DSB,en,Reading,83.0,83%,5224.0,0,Grade-6-2024-2025-Achievement-Results.zip
2024-2025,6,66060,Durham DSB,en,Writing,82.0,82%,5253.0,0,Grade-6-2024-2025-Achievement-Results.zip
2024-2025,6,66060,Durham DSB,en,Mathematics,47.0,47%,5219.0,0,Grade-6-2024-2025-Achievement-Results.zip
2024-2025,6,66079,Kawartha Pine Ridge DSB,en,Reading,83.0,83%,2573.0,0,Grade-6-2024-2025-Achievement-Results.zip
2024-2025,6,66079,Kawartha Pine Ridge DSB,en,Writing,82.0,82%,2582.0,0,Grade-6-2024-2025-Achievement-Results.zip
2024-2025,6,66079,Kawartha Pine Ridge DSB,en,Mathematics,43.0,43%,2576.0,0,Grade-6-2024-2025-Achievement-Results.zip
2024-2025,6,66087,Trillium Lakelands DSB,en,Reading,89.0,89%,1111.0,0,Grade-6-2024-2025-Achievement-Results.zip
2024-2025,6,66087,Trillium Lakelands DSB,en,Writing,87.0,87%,1113.0,0,Grade-6-2024-2025-Achievement-Results.zip
2024-2025,6,66087,Trillium Lakelands DSB,en,Mathematics,55.0,55%,1106.0,0,Grade-6-2024-2025-Achievement-Results.zip
2024-2025,6,66095,York Region DSB,en,Reading,91.0,91%,8543.0,0,Grade-6-2024-2025-Achievement-Results.zip
2024-2025,6,66095,York Region DSB,en,Writing,90.0,90%,8579.0,0,Grade-6-2024-2025-Achievement-Results.zip
2024-2025,6,66095,York Region DSB,en,Mathematics,65.0,65%,8602.0,0,Grade-6-2024-2025-Achievement-Results.zip
2024-2025,6,66109,Simcoe County DSB,en,Reading,82.0,82%,3824.0,0,Grade-6-2024-2025-Achievement-Results.zip
2024-2025,6,66109,Simcoe County DSB,en,Writing,81.0,81%,3838.0,0,Grade-6-2024-2025-Achievement-Results.zip
2024-2025,6,66109,Simcoe County DSB,en,Mathematics,47.0,47%,3824.0,0,Grade-6-2024-2025-Achievement-Results.zip
2024-2025,6,66117,Upper Grand DSB,en,Reading,90.0,90%,2268.0,0,Grade-6-2024-2025-Achievement-Results.zip
2024-2025,6,66117,Upper Grand DSB,en,Writing,89.0,89%,2270.0,0,Grade-6-2024-2025-Achievement-Results.zip
2024-2025,6,66117,Upper Grand DSB,en,Mathematics,58.0,58%,2265.0,0,Grade-6-2024-2025-Achievement-Results.zip
2024-2025,6,66125,Peel District School Board,en,Reading,84.0,84%,9469.0,0,Grade-6-2024-2025-Achievement-Results.zip
2024-2025,6,66125,Peel District School Board,en,Writing,83.0,83%,9499.0,0,Grade-6-2024-2025-Achievement-Results.zip
2024-2025,6,66125,Peel District School Board,en,Mathematics,49.0,49%,9485.0,0,Grade-6-2024-2025-Achievement-Results.zip
2024-2025,6,66133,Halton DSB,en,Reading,92.0,92%,4530.0,0,Grade-6-2024-2025-Achievement-Results.zip
2024-2025,6,66133,Halton DSB,en,Writing,91.0,91%,4553.0,0,Grade-6-2024-2025-Achievement-Results.zip
2024-2025,6,66133,Halton DSB,en,Mathematics,62.0,62%,4550.0,0,Grade-6-2024-2025-Achievement-Results.zip
2024-2025,6,66141,Hamilton-Wentworth DSB,en,Reading,81.0,81%,3516.0,0,Grade-6-2024-2025-Achievement-Results.zip
2024-2025,6,66141,Hamilton-Wentworth DSB,en,Writing,80.0,80%,3532.0,0,Grade-6-2024-2025-Achievement-Results.zip
2024-2025,6,66141,Hamilton-Wentworth DSB,en,Mathematics,41.0,41%,3520.0,0,Grade-6-2024-2025-Achievement-Results.zip
2024-2025,6,66150,DSB of Niagara,en,Reading,94.0,94%,2789.0,0,Grade-6-2024-2025-Achievement-Results.zip
2024-2025,6,66150,DSB of Niagara,en,Writing,94.0,94%,2789.0,0,Grade-6-2024-2025-Achievement-Results.zip
2024-2025,6,66150,DSB of Niagara,en,Mathematics,71.0,71%,2788.0,0,Grade-6-2024-2025-Achievement-Results.zip
2024-2025,6,66168,Grand Erie DSB,en,Reading,79.0,79%,1902.0,0,Grade-6-2024-2025-Achievement-Results.zip
2024-2025,6,66168,Grand Erie DSB,en,Writing,77.0,77%,1905.0,0,Grade-6-2024-2025-Achievement-Results.zip
2024-2025,6,66168,Grand Erie DSB,en,Mathematics,45.0,45%,1907.0,0,Grade-6-2024-2025-Achievement-Results.zip
2024-2025,6,66176,Waterloo Region DSB,en,Reading,85.0,85%,4117.0,0,Grade-6-2024-2025-Achievement-Results.zip
2024-2025,6,66176,Waterloo Region DSB,en,Writing,85.0,85%,4131.0,0,Grade-6-2024-2025-Achievement-Results.zip
2024-2025,6,66176,Waterloo Region DSB,en,Mathematics,52.0,52%,4129.0,0,Grade-6-2024-2025-Achievement-Results.zip
2024-2025,6,66184,Ottawa-Carleton DSB,en,Reading,85.0,85%,5010.0,0,Grade-6-2024-2025-Achievement-Results.zip
2024-2025,6,66184,Ottawa-Carleton DSB,en,Writing,84.0,84%,5023.0,0,Grade-6-2024-2025-Achievement-Results.zip
2024-2025,6,66184,Ottawa-Carleton DSB,en,Mathematics,53.0,53%,5021.0,0,Grade-6-2024-2025-Achievement-Results.zip
2024-2025,6,66192,Upper Canada DSB,en,Reading,83.0,83%,1902.0,0,Grade-6-2024-2025-Achievement-Results.zip
2024-2025,6,66192,Upper Canada DSB,en,Writing,83.0,83%,1907.0,0,Grade-6-2024-2025-Achievement-Results.zip
2024-2025,6,66192,Upper Canada DSB,en,Mathematics,43.0,43%,1897.0,0,Grade-6-2024-2025-Achievement-Results.zip
2024-2025,6,66206,Limestone DSB,en,Reading,88.0,88%,1245.0,0,Grade-6-2024-2025-Achievement-Results.zip
2024-2025,6,66206,Limestone DSB,en,Writing,87.0,87%,1249.0,0,Grade-6-2024-2025-Achievement-Results.zip
2024-2025,6,66206,Limestone DSB,en,Mathematics,51.0,51%,1248.0,0,Grade-6-2024-2025-Achievement-Results.zip
2024-2025,6,66214,Renfrew County DSB,en,Reading,80.0,80%,607.0,0,Grade-6-2024-2025-Achievement-Results.zip
2024-2025,6,66214,Renfrew County DSB,en,Writing,73.0,73%,607.0,0,Grade-6-2024-2025-Achievement-Results.zip
2024-2025,6,66214,Renfrew County DSB,en,Mathematics,32.0,32%,607.0,0,Grade-6-2024-2025-Achievement-Results.zip
2024-2025,6,66222,Hastings and Prince Edward DSB,en,Reading,82.0,82%,1092.0,0,Grade-6-2024-2025-Achievement-Results.zip
2024-2025,6,66222,Hastings and Prince Edward DSB,en,Writing,82.0,82%,1095.0,0,Grade-6-2024-2025-Achievement-Results.zip
2024-2025,6,66222,Hastings and Prince Edward DSB,en,Mathematics,46.0,46%,1086.0,0,Grade-6-2024-2025-Achievement-Results.zip
2024-2025,6,66303,Conseil scolaire Viamonde,fr,Reading,94.0,94%,1014.0,0,Grade-6-2024-2025-Achievement-Results.zip
2024-2025,6,66303,Conseil scolaire Viamonde,fr,Writing,89.0,89%,1018.0,0,Grade-6-2024-2025-Achievement-Results.zip
2024-2025,6,66303,Conseil scolaire Viamonde,fr,Mathematics,78.0,78%,1013.0,0,Grade-6-2024-2025-Achievement-Results.zip
2024-2025,6,66311,Conseil des écoles publiques de l'Est de l'Ontario,fr,Reading,91.0,91%,1354.0,0,Grade-6-2024-2025-Achievement-Results.zip
2024-2025,6,66311,Conseil des écoles publiques de l'Est de l'Ontario,fr,Writing,84.0,84%,1355.0,0,Grade-6-2024-2025-Achievement-Results.zip
2024-2025,6,66311,Conseil des écoles publiques de l'Est de l'Ontario,fr,Mathematics,66.0,66%,1355.0,0,Grade-6-2024-2025-Achievement-Results.zip
2024-2025,6,67008,Bruce-Grey Catholic DSB,en,Reading,89.0,89%,292.0,0,Grade-6-2024-2025-Achievement-Results.zip
2024-2025,6,67008,Bruce-Grey Catholic DSB,en,Writing,85.0,85%,292.0,0,Grade-6-2024-2025-Achievement-Results.zip
2024-2025,6,67008,Bruce-Grey Catholic DSB,en,Mathematics,49.0,49%,291.0,0,Grade-6-2024-2025-Achievement-Results.zip
2024-2025,6,67016,Huron-Perth Catholic DSB,en,Reading,91.0,91%,303.0,0,Grade-6-2024-2025-Achievement-Results.zip
2024-2025,6,67016,Huron-Perth Catholic DSB,en,Writing,92.0,92%,304.0,0,Grade-6-2024-2025-Achievement-Results.zip
2024-2025,6,67016,Huron-Perth Catholic DSB,en,Mathematics,55.0,55%,304.0,0,Grade-6-2024-2025-Achievement-Results.zip
2024-2025,6,67024,Windsor-Essex Catholic DSB,en,Reading,92.0,92%,1347.0,0,Grade-6-2024-2025-Achievement-Results.zip
2024-2025,6,67024,Windsor-Essex Catholic DSB,en,Writing,93.0,93%,1347.0,0,Grade-6-2024-2025-Achievement-Results.zip
2024-2025,6,67024,Windsor-Essex Catholic DSB,en,Mathematics,60.0,60%,1345.0,0,Grade-6-2024-2025-Achievement-Results.zip
2024-2025,6,67032,London District Catholic School Board,en,Reading,86.0,86%,1636.0,0,Grade-6-2024-2025-Achievement-Results.zip
2024-2025,6,67032,London District Catholic School Board,en,Writing,87.0,87%,1639.0,0,Grade-6-2024-2025-Achievement-Results.zip
2024-2025,6,67032,London District Catholic School Board,en,Mathematics,50.0,50%,1640.0,0,Grade-6-2024-2025-Achievement-Results.zip
2024-2025,6,67040,St. Clair Catholic District School Board,en,Reading,85.0,85%,651.0,0,Grade-6-2024-2025-Achievement-Results.zip
2024-2025,6,67040,St. Clair Catholic District School Board,en,Writing,84.0,84%,653.0,0,Grade-6-2024-2025-Achievement-Results.zip
2024-2025,6,67040,St. Clair Catholic District School Board,en,Mathematics,45.0,45%,653.0,0,Grade-6-2024-2025-Achievement-Results.zip
2024-2025,6,67059,Toronto Catholic District School Board,en,Reading,86.0,86%,5506.0,0,Grade-6-2024-2025-Achievement-Results.zip
2024-2025,6,67059,Toronto Catholic District School Board,en,Writing,84.0,84%,5507.0,0,Grade-6-2024-2025-Achievement-Results.zip
2024-2025,6,67059,Toronto Catholic District School Board,en,Mathematics,49.0,49%,5502.0,0,Grade-6-2024-2025-Achievement-Results.zip
2024-2025,6,67067,Peterborough Victoria Northumberland and Clarington CDSB,en,Reading,85.0,85%,1052.0,0,Grade-6-2024-2025-Achievement-Results.zip
2024-2025,6,67067,Peterborough Victoria Northumberland and Clarington CDSB,en,Writing,84.0,84%,1051.0,0,Grade-6-2024-2025-Achievement-Results.zip
2024-2025,6,67067,Peterborough Victoria Northumberland and Clarington CDSB,en,Mathematics,45.0,45%,1051.0,0,Grade-6-2024-2025-Achievement-Results.zip
2024-2025,6,67075,York Catholic DSB,en,Reading,92.0,92%,3195.0,0,Grade-6-2024-2025-Achievement-Results.zip
2024-2025,6,67075,York Catholic DSB,en,Writing,91.0,91%,3204.0,0,Grade-6-2024-2025-Achievement-Results.zip
2024-2025,6,67075,York Catholic DSB,en,Mathematics,60.0,60%,3201.0,0,Grade-6-2024-2025-Achievement-Results.zip
2024-2025,6,67083,Dufferin-Peel Catholic DSB,en,Reading,87.0,87%,4038.0,0,Grade-6-2024-2025-Achievement-Results.zip
2024-2025,6,67083,Dufferin-Peel Catholic DSB,en,Writing,87.0,87%,4044.0,0,Grade-6-2024-2025-Achievement-Results.zip
2024-2025,6,67083,Dufferin-Peel Catholic DSB,en,Mathematics,50.0,50%,4041.0,0,Grade-6-2024-2025-Achievement-Results.zip
2024-2025,6,67091,Simcoe Muskoka Catholic DSB,en,Reading,82.0,82%,1621.0,0,Grade-6-2024-2025-Achievement-Results.zip
2024-2025,6,67091,Simcoe Muskoka Catholic DSB,en,Writing,81.0,81%,1622.0,0,Grade-6-2024-2025-Achievement-Results.zip
2024-2025,6,67091,Simcoe Muskoka Catholic DSB,en,Mathematics,37.0,37%,1618.0,0,Grade-6-2024-2025-Achievement-Results.zip
2024-2025,6,67105,Durham Catholic DSB,en,Reading,87.0,87%,1556.0,0,Grade-6-2024-2025-Achievement-Results.zip
2024-2025,6,67105,Durham Catholic DSB,en,Writing,86.0,86%,1563.0,0,Grade-6-2024-2025-Achievement-Results.zip
2024-2025,6,67105,Durham Catholic DSB,en,Mathematics,48.0,48%,1565.0,0,Grade-6-2024-2025-Achievement-Results.zip
2024-2025,6,67113,Halton Catholic DSB,en,Reading,90.0,90%,2315.0,0,Grade-6-2024-2025-Achievement-Results.zip
2024-2025,6,67113,Halton Catholic DSB,en,Writing,90.0,90%,2321.0,0,Grade-6-2024-2025-Achievement-Results.zip
2024-2025,6,67113,Halton Catholic DSB,en,Mathematics,61.0,61%,2320.0,0,Grade-6-2024-2025-Achievement-Results.zip
2024-2025,6,67121,Hamilton-Wentworth Catholic DSB,en,Reading,89.0,89%,1901.0,0,Grade-6-2024-2025-Achievement-Results.zip
2024-2025,6,67121,Hamilton-Wentworth Catholic DSB,en,Writing,87.0,87%,1906.0,0,Grade-6-2024-2025-Achievement-Results.zip
2024-2025,6,67121,Hamilton-Wentworth Catholic DSB,en,Mathematics,53.0,53%,1907.0,0,Grade-6-2024-2025-Achievement-Results.zip
2024-2025,6,67130,Wellington Catholic DSB,en,Reading,89.0,89%,634.0,0,Grade-6-2024-2025-Achievement-Results.zip
2024-2025,6,67130,Wellington Catholic DSB,en,Writing,90.0,90%,636.0,0,Grade-6-2024-2025-Achievement-Results.zip
2024-2025,6,67130,Wellington Catholic DSB,en,Mathematics,56.0,56%,634.0,0,Grade-6-2024-2025-Achievement-Results.zip
2024-2025,6,67148,Waterloo Catholic DSB,en,Reading,84.0,84%,1759.0,0,Grade-6-2024-2025-Achievement-Results.zip
2024-2025,6,67148,Waterloo Catholic DSB,en,Writing,82.0,82%,1763.0,0,Grade-6-2024-2025-Achievement-Results.zip
2024-2025,6,67148,Waterloo Catholic DSB,en,Mathematics,53.0,53%,1763.0,0,Grade-6-2024-2025-Achievement-Results.zip
2024-2025,6,67156,Niagara Catholic DSB,en,Reading,92.0,92%,1333.0,0,Grade-6-2024-2025-Achievement-Results.zip
2024-2025,6,67156,Niagara Catholic DSB,en,Writing,91.0,91%,1338.0,0,Grade-6-2024-2025-Achievement-Results.zip
2024-2025,6,67156,Niagara Catholic DSB,en,Mathematics,61.0,61%,1332.0,0,Grade-6-2024-2025-Achievement-Results.zip
2024-2025,6,67164,Brant Haldimand Norfolk Catholic DSB,en,Reading,85.0,85%,829.0,0,Grade-6-2024-2025-Achievement-Results.zip
2024-2025,6,67164,Brant Haldimand Norfolk Catholic DSB,en,Writing,82.0,82%,829.0,0,Grade-6-2024-2025-Achievement-Results.zip
2024-2025,6,67164,Brant Haldimand Norfolk Catholic DSB,en,Mathematics,44.0,44%,828.0,0,Grade-6-2024-2025-Achievement-Results.zip
2024-2025,6,67172,Catholic DSB of Eastern Ontario,en,Reading,83.0,83%,945.0,0,Grade-6-2024-2025-Achievement-Results.zip
2024-2025,6,67172,Catholic DSB of Eastern Ontario,en,Writing,83.0,83%,949.0,0,Grade-6-2024-2025-Achievement-Results.zip
2024-2025,6,67172,Catholic DSB of Eastern Ontario,en,Mathematics,38.0,38%,948.0,0,Grade-6-2024-2025-Achievement-Results.zip
2024-2025,6,67180,Ottawa Catholic District School Board,en,Reading,91.0,91%,3252.0,0,Grade-6-2024-2025-Achievement-Results.zip
2024-2025,6,67180,Ottawa Catholic District School Board,en,Writing,91.0,91%,3251.0,0,Grade-6-2024-2025-Achievement-Results.zip
2024-2025,6,67180,Ottawa Catholic District School Board,en,Mathematics,58.0,58%,3259.0,0,Grade-6-2024-2025-Achievement-Results.zip
2024-2025,6,67199,Renfrew County Catholic DSB,en,Reading,92.0,92%,392.0,0,Grade-6-2024-2025-Achievement-Results.zip
2024-2025,6,67199,Renfrew County Catholic DSB,en,Writing,90.0,90%,392.0,0,Grade-6-2024-2025-Achievement-Results.zip
2024-2025,6,67199,Renfrew County Catholic DSB,en,Mathematics,62.0,62%,388.0,0,Grade-6-2024-2025-Achievement-Results.zip
2024-2025,6,67202,Algonquin and Lakeshore Catholic DSB,en,Reading,85.0,85%,771.0,0,Grade-6-2024-2025-Achievement-Results.zip
2024-2025,6,67202,Algonquin and Lakeshore Catholic DSB,en,Writing,83.0,83%,774.0,0,Grade-6-2024-2025-Achievement-Results.zip
2024-2025,6,67202,Algonquin and Lakeshore Catholic DSB,en,Mathematics,42.0,42%,771.0,0,Grade-6-2024-2025-Achievement-Results.zip
2024-2025,6,67300,Conseil scolaire catholique Providence,fr,Reading,82.0,82%,665.0,0,Grade-6-2024-2025-Achievement-Results.zip
2024-2025,6,67300,Conseil scolaire catholique Providence,fr,Writing,66.0,66%,667.0,0,Grade-6-2024-2025-Achievement-Results.zip
2024-2025,6,67300,Conseil scolaire catholique Providence,fr,Mathematics,49.0,49%,663.0,0,Grade-6-2024-2025-Achievement-Results.zip
2024-2025,6,67318,Le Conseil scolaire catholique MonAvenir,fr,Reading,89.0,89%,1183.0,0,Grade-6-2024-2025-Achievement-Results.zip
2024-2025,6,67318,Le Conseil scolaire catholique MonAvenir,fr,Writing,78.0,78%,1164.0,0,Grade-6-2024-2025-Achievement-Results.zip
2024-2025,6,67318,Le Conseil scolaire catholique MonAvenir,fr,Mathematics,62.0,62%,1182.0,0,Grade-6-2024-2025-Achievement-Results.zip
2024-2025,6,67326,Le C.S.D.C. de l'Est ontarien,fr,Reading,90.0,90%,757.0,0,Grade-6-2024-2025-Achievement-Results.zip
2024-2025,6,67326,Le C.S.D.C. de l'Est ontarien,fr,Writing,81.0,81%,757.0,0,Grade-6-2024-2025-Achievement-Results.zip
2024-2025,6,67326,Le C.S.D.C. de l'Est ontarien,fr,Mathematics,61.0,61%,757.0,0,Grade-6-2024-2025-Achievement-Results.zip
2024-2025,6,67334,Conseil des écoles catholiques du Centre-Est (CECCE),fr,Reading,93.0,93%,2040.0,0,Grade-6-2024-2025-Achievement-Results.zip
2024-2025,6,67334,Conseil des écoles catholiques du Centre-Est (CECCE),fr,Writing,87.0,87%,2038.0,0,Grade-6-2024-2025-Achievement-Results.zip
2024-2025,6,67334,Conseil des écoles catholiques du Centre-Est (CECCE),fr,Mathematics,68.0,68%,2034.0,0,Grade-6-2024-2025-Achievement-Results.zip
2024-2025,6,76686,Provincial Schools,en,Reading,61.0,61%,28.0,0,Grade-6-2024-2025-Achievement-Results.zip
2024-2025,6,76686,Provincial Schools,en,Writing,50.0,50%,28.0,0,Grade-6-2024-2025-Achievement-Results.zip
2024-2025,6,76686,Provincial Schools,en,Mathematics,11.0,11%,28.0,0,Grade-6-2024-2025-Achievement-Results.zip
2024-2025,6,79910,Penetanguishene Protestant SSB,en,Reading,89.0,89%,35.0,0,Grade-6-2024-2025-Achievement-Results.zip
2024-2025,6,79910,Penetanguishene Protestant SSB,en,Writing,100.0,100%,35.0,0,Grade-6-2024-2025-Achievement-Results.zip
2024-2025,6,79910,Penetanguishene Protestant SSB,en,Mathematics,57.0,57%,35.0,0,Grade-6-2024-2025-Achievement-Results.zip
2024-2025,6,80509,Consortium Centre Jules-Léger,fr,Reading,,S. R.,,1,Grade-6-2024-2025-Achievement-Results.zip
2024-2025,6,80509,Consortium Centre Jules-Léger,fr,Writing,,S. R.,,1,Grade-6-2024-2025-Achievement-Results.zip
2024-2025,6,80509,Consortium Centre Jules-Léger,fr,Mathematics,,S. R.,,1,Grade-6-2024-2025-Achievement-Results.zip
2025-2026,6,15199,Moose Factory Island DSAB,en,Reading,37.0,37%,30.0,0,Grade-6-2025-2026-Achievement-Results.zip
2025-2026,6,15199,Moose Factory Island DSAB,en,Writing,38.0,38%,29.0,0,Grade-6-2025-2026-Achievement-Results.zip
2025-2026,6,15199,Moose Factory Island DSAB,en,Mathematics,0.0,0%,30.0,0,Grade-6-2025-2026-Achievement-Results.zip
2025-2026,6,15202,Moosonee DSAB,en,Reading,30.0,30%,20.0,0,Grade-6-2025-2026-Achievement-Results.zip
2025-2026,6,15202,Moosonee DSAB,en,Writing,30.0,30%,20.0,0,Grade-6-2025-2026-Achievement-Results.zip
2025-2026,6,15202,Moosonee DSAB,en,Mathematics,10.0,10%,21.0,0,Grade-6-2025-2026-Achievement-Results.zip
2025-2026,6,28002,DSB Ontario North East,en,Reading,74.0,74%,427.0,0,Grade-6-2025-2026-Achievement-Results.zip
2025-2026,6,28002,DSB Ontario North East,en,Writing,73.0,73%,430.0,0,Grade-6-2025-2026-Achievement-Results.zip
2025-2026,6,28002,DSB Ontario North East,en,Mathematics,34.0,34%,423.0,0,Grade-6-2025-2026-Achievement-Results.zip
2025-2026,6,28010,Algoma DSB,en,Reading,77.0,77%,706.0,0,Grade-6-2025-2026-Achievement-Results.zip
2025-2026,6,28010,Algoma DSB,en,Writing,76.0,76%,708.0,0,Grade-6-2025-2026-Achievement-Results.zip
2025-2026,6,28010,Algoma DSB,en,Mathematics,36.0,36%,709.0,0,Grade-6-2025-2026-Achievement-Results.zip
2025-2026,6,28029,Rainbow District School Board,en,Reading,84.0,84%,935.0,0,Grade-6-2025-2026-Achievement-Results.zip
2025-2026,6,28029,Rainbow District School Board,en,Writing,83.0,83%,934.0,0,Grade-6-2025-2026-Achievement-Results.zip
2025-2026,6,28029,Rainbow District School Board,en,Mathematics,47.0,47%,934.0,0,Grade-6-2025-2026-Achievement-Results.zip
2025-2026,6,28037,Near North DSB,en,Reading,82.0,82%,672.0,0,Grade-6-2025-2026-Achievement-Results.zip
2025-2026,6,28037,Near North DSB,en,Writing,79.0,79%,672.0,0,Grade-6-2025-2026-Achievement-Results.zip
2025-2026,6,28037,Near North DSB,en,Mathematics,38.0,38%,672.0,0,Grade-6-2025-2026-Achievement-Results.zip
2025-2026,6,28045,Keewatin-Patricia DSB,en,Reading,85.0,85%,273.0,0,Grade-6-2025-2026-Achievement-Results.zip
2025-2026,6,28045,Keewatin-Patricia DSB,en,Writing,84.0,84%,274.0,0,Grade-6-2025-2026-Achievement-Results.zip
2025-2026,6,28045,Keewatin-Patricia DSB,en,Mathematics,48.0,48%,269.0,0,Grade-6-2025-2026-Achievement-Results.zip
2025-2026,6,28053,Rainy River DSB,en,Reading,68.0,68%,147.0,0,Grade-6-2025-2026-Achievement-Results.zip
2025-2026,6,28053,Rainy River DSB,en,Writing,69.0,69%,149.0,0,Grade-6-2025-2026-Achievement-Results.zip
2025-2026,6,28053,Rainy River DSB,en,Mathematics,29.0,29%,147.0,0,Grade-6-2025-2026-Achievement-Results.zip
2025-2026,6,28061,Lakehead DSB,en,Reading,88.0,88%,607.0,0,Grade-6-2025-2026-Achievement-Results.zip
2025-2026,6,28061,Lakehead DSB,en,Writing,87.0,87%,611.0,0,Grade-6-2025-2026-Achievement-Results.zip
2025-2026,6,28061,Lakehead DSB,en,Mathematics,53.0,53%,605.0,0,Grade-6-2025-2026-Achievement-Results.zip
2025-2026,6,28070,Superior-Greenstone DSB,en,Reading,63.0,63%,62.0,0,Grade-6-2025-2026-Achievement-Results.zip
2025-2026,6,28070,Superior-Greenstone DSB,en,Writing,69.0,69%,62.0,0,Grade-6-2025-2026-Achievement-Results.zip
2025-2026,6,28070,Superior-Greenstone DSB,en,Mathematics,37.0,37%,62.0,0,Grade-6-2025-2026-Achievement-Results.zip
2025-2026,6,28100,Le C.S. public du Nord-Est de l'Ontario,fr,Reading,82.0,82%,163.0,0,Grade-6-2025-2026-Achievement-Results.zip
2025-2026,6,28100,Le C.S. public du Nord-Est de l'Ontario,fr,Writing,64.0,64%,163.0,0,Grade-6-2025-2026-Achievement-Results.zip
2025-2026,6,28100,Le C.S. public du Nord-Est de l'Ontario,fr,Mathematics,39.0,39%,164.0,0,Grade-6-2025-2026-Achievement-Results.zip
2025-2026,6,28118,Conseil scolaire du Grand Nord,fr,Reading,88.0,88%,174.0,0,Grade-6-2025-2026-Achievement-Results.zip
2025-2026,6,28118,Conseil scolaire du Grand Nord,fr,Writing,69.0,69%,177.0,0,Grade-6-2025-2026-Achievement-Results.zip
2025-2026,6,28118,Conseil scolaire du Grand Nord,fr,Mathematics,53.0,53%,178.0,0,Grade-6-2025-2026-Achievement-Results.zip
2025-2026,6,29009,Northeastern Catholic DSB,en,Reading,71.0,71%,214.0,0,Grade-6-2025-2026-Achievement-Results.zip
2025-2026,6,29009,Northeastern Catholic DSB,en,Writing,68.0,68%,215.0,0,Grade-6-2025-2026-Achievement-Results.zip
2025-2026,6,29009,Northeastern Catholic DSB,en,Mathematics,27.0,27%,215.0,0,Grade-6-2025-2026-Achievement-Results.zip
2025-2026,6,29017,Nipissing-Parry Sound Catholic DSB,en,Reading,79.0,79%,212.0,0,Grade-6-2025-2026-Achievement-Results.zip
2025-2026,6,29017,Nipissing-Parry Sound Catholic DSB,en,Writing,82.0,82%,212.0,0,Grade-6-2025-2026-Achievement-Results.zip
2025-2026,6,29017,Nipissing-Parry Sound Catholic DSB,en,Mathematics,30.0,30%,208.0,0,Grade-6-2025-2026-Achievement-Results.zip
2025-2026,6,29025,Huron-Superior Catholic DSB,en,Reading,75.0,75%,379.0,0,Grade-6-2025-2026-Achievement-Results.zip
2025-2026,6,29025,Huron-Superior Catholic DSB,en,Writing,77.0,77%,379.0,0,Grade-6-2025-2026-Achievement-Results.zip
2025-2026,6,29025,Huron-Superior Catholic DSB,en,Mathematics,23.0,23%,380.0,0,Grade-6-2025-2026-Achievement-Results.zip
2025-2026,6,29033,Sudbury Catholic DSB,en,Reading,82.0,82%,459.0,0,Grade-6-2025-2026-Achievement-Results.zip
2025-2026,6,29033,Sudbury Catholic DSB,en,Writing,81.0,81%,459.0,0,Grade-6-2025-2026-Achievement-Results.zip
2025-2026,6,29033,Sudbury Catholic DSB,en,Mathematics,37.0,37%,458.0,0,Grade-6-2025-2026-Achievement-Results.zip
2025-2026,6,29041,Northwest Catholic DSB,en,Reading,84.0,84%,100.0,0,Grade-6-2025-2026-Achievement-Results.zip
2025-2026,6,29041,Northwest Catholic DSB,en,Writing,75.0,75%,99.0,0,Grade-6-2025-2026-Achievement-Results.zip
2025-2026,6,29041,Northwest Catholic DSB,en,Mathematics,31.0,31%,99.0,0,Grade-6-2025-2026-Achievement-Results.zip
2025-2026,6,29050,Kenora Catholic DSB,en,Reading,84.0,84%,76.0,0,Grade-6-2025-2026-Achievement-Results.zip
2025-2026,6,29050,Kenora Catholic DSB,en,Writing,87.0,87%,76.0,0,Grade-6-2025-2026-Achievement-Results.zip
2025-2026,6,29050,Kenora Catholic DSB,en,Mathematics,43.0,43%,76.0,0,Grade-6-2025-2026-Achievement-Results.zip
2025-2026,6,29068,Thunder Bay Catholic DSB,en,Reading,85.0,85%,453.0,0,Grade-6-2025-2026-Achievement-Results.zip
2025-2026,6,29068,Thunder Bay Catholic DSB,en,Writing,83.0,83%,454.0,0,Grade-6-2025-2026-Achievement-Results.zip
2025-2026,6,29068,Thunder Bay Catholic DSB,en,Mathematics,43.0,43%,453.0,0,Grade-6-2025-2026-Achievement-Results.zip
2025-2026,6,29076,Superior North Catholic DSB,en,Reading,80.0,80%,69.0,0,Grade-6-2025-2026-Achievement-Results.zip
2025-2026,6,29076,Superior North Catholic DSB,en,Writing,81.0,81%,69.0,0,Grade-6-2025-2026-Achievement-Results.zip
2025-2026,6,29076,Superior North Catholic DSB,en,Mathematics,35.0,35%,68.0,0,Grade-6-2025-2026-Achievement-Results.zip
2025-2026,6,29106,Le C.S.C.D. des Grandes Rivières,fr,Reading,77.0,77%,372.0,0,Grade-6-2025-2026-Achievement-Results.zip
2025-2026,6,29106,Le C.S.C.D. des Grandes Rivières,fr,Writing,60.0,60%,372.0,0,Grade-6-2025-2026-Achievement-Results.zip
2025-2026,6,29106,Le C.S.C.D. des Grandes Rivières,fr,Mathematics,51.0,51%,372.0,0,Grade-6-2025-2026-Achievement-Results.zip
2025-2026,6,29114,Le C.S. catholique Franco-Nord,fr,Reading,76.0,76%,151.0,0,Grade-6-2025-2026-Achievement-Results.zip
2025-2026,6,29114,Le C.S. catholique Franco-Nord,fr,Writing,63.0,63%,151.0,0,Grade-6-2025-2026-Achievement-Results.zip
2025-2026,6,29114,Le C.S. catholique Franco-Nord,fr,Mathematics,55.0,55%,151.0,0,Grade-6-2025-2026-Achievement-Results.zip
2025-2026,6,29122,Conseil scolaire catholique Nouvelon,fr,Reading,80.0,80%,429.0,0,Grade-6-2025-2026-Achievement-Results.zip
2025-2026,6,29122,Conseil scolaire catholique Nouvelon,fr,Writing,64.0,64%,429.0,0,Grade-6-2025-2026-Achievement-Results.zip
2025-2026,6,29122,Conseil scolaire catholique Nouvelon,fr,Mathematics,46.0,46%,429.0,0,Grade-6-2025-2026-Achievement-Results.zip
2025-2026,6,29130,Le C.S.D.C. des Aurores boréales,fr,Reading,82.0,82%,57.0,0,Grade-6-2025-2026-Achievement-Results.zip
2025-2026,6,29130,Le C.S.D.C. des Aurores boréales,fr,Writing,76.0,76%,58.0,0,Grade-6-2025-2026-Achievement-Results.zip
2025-2026,6,29130,Le C.S.D.C. des Aurores boréales,fr,Mathematics,76.0,76%,58.0,0,Grade-6-2025-2026-Achievement-Results.zip
2025-2026,6,66001,Bluewater DSB,en,Reading,80.0,80%,1321.0,0,Grade-6-2025-2026-Achievement-Results.zip
2025-2026,6,66001,Bluewater DSB,en,Writing,79.0,79%,1324.0,0,Grade-6-2025-2026-Achievement-Results.zip
2025-2026,6,66001,Bluewater DSB,en,Mathematics,41.0,41%,1323.0,0,Grade-6-2025-2026-Achievement-Results.zip
2025-2026,6,66010,Avon Maitland DSB,en,Reading,85.0,85%,1057.0,0,Grade-6-2025-2026-Achievement-Results.zip
2025-2026,6,66010,Avon Maitland DSB,en,Writing,84.0,84%,1057.0,0,Grade-6-2025-2026-Achievement-Results.zip
2025-2026,6,66010,Avon Maitland DSB,en,Mathematics,55.0,55%,1057.0,0,Grade-6-2025-2026-Achievement-Results.zip
2025-2026,6,66028,Greater Essex County DSB,en,Reading,85.0,85%,2157.0,0,Grade-6-2025-2026-Achievement-Results.zip
2025-2026,6,66028,Greater Essex County DSB,en,Writing,87.0,87%,2158.0,0,Grade-6-2025-2026-Achievement-Results.zip
2025-2026,6,66028,Greater Essex County DSB,en,Mathematics,48.0,48%,2143.0,0,Grade-6-2025-2026-Achievement-Results.zip
2025-2026,6,66036,Lambton Kent District School Board,en,Reading,76.0,76%,1454.0,0,Grade-6-2025-2026-Achievement-Results.zip
2025-2026,6,66036,Lambton Kent District School Board,en,Writing,77.0,77%,1454.0,0,Grade-6-2025-2026-Achievement-Results.zip
2025-2026,6,66036,Lambton Kent District School Board,en,Mathematics,38.0,38%,1455.0,0,Grade-6-2025-2026-Achievement-Results.zip
2025-2026,6,66044,Thames Valley District School Board,en,Reading,82.0,82%,5567.0,0,Grade-6-2025-2026-Achievement-Results.zip
2025-2026,6,66044,Thames Valley District School Board,en,Writing,82.0,82%,5573.0,0,Grade-6-2025-2026-Achievement-Results.zip
2025-2026,6,66044,Thames Valley District School Board,en,Mathematics,50.0,50%,5579.0,0,Grade-6-2025-2026-Achievement-Results.zip
2025-2026,6,66052,Toronto DSB,en,Reading,86.0,86%,14262.0,0,Grade-6-2025-2026-Achievement-Results.zip
2025-2026,6,66052,Toronto DSB,en,Writing,85.0,85%,14339.0,0,Grade-6-2025-2026-Achievement-Results.zip
2025-2026,6,66052,Toronto DSB,en,Mathematics,55.0,55%,14349.0,0,Grade-6-2025-2026-Achievement-Results.zip
2025-2026,6,66060,Durham DSB,en,Reading,85.0,85%,5424.0,0,Grade-6-2025-2026-Achievement-Results.zip
2025-2026,6,66060,Durham DSB,en,Writing,84.0,84%,5432.0,0,Grade-6-2025-2026-Achievement-Results.zip
2025-2026,6,66060,Durham DSB,en,Mathematics,48.0,48%,5430.0,0,Grade-6-2025-2026-Achievement-Results.zip
2025-2026,6,66079,Kawartha Pine Ridge DSB,en,Reading,82.0,82%,2509.0,0,Grade-6-2025-2026-Achievement-Results.zip
2025-2026,6,66079,Kawartha Pine Ridge DSB,en,Writing,81.0,81%,2514.0,0,Grade-6-2025-2026-Achievement-Results.zip
2025-2026,6,66079,Kawartha Pine Ridge DSB,en,Mathematics,42.0,42%,2514.0,0,Grade-6-2025-2026-Achievement-Results.zip
2025-2026,6,66087,Trillium Lakelands DSB,en,Reading,87.0,87%,1139.0,0,Grade-6-2025-2026-Achievement-Results.zip
2025-2026,6,66087,Trillium Lakelands DSB,en,Writing,88.0,88%,1141.0,0,Grade-6-2025-2026-Achievement-Results.zip
2025-2026,6,66087,Trillium Lakelands DSB,en,Mathematics,55.0,55%,1134.0,0,Grade-6-2025-2026-Achievement-Results.zip
2025-2026,6,66095,York Region DSB,en,Reading,89.0,89%,8758.0,0,Grade-6-2025-2026-Achievement-Results.zip
2025-2026,6,66095,York Region DSB,en,Writing,90.0,90%,8774.0,0,Grade-6-2025-2026-Achievement-Results.zip
2025-2026,6,66095,York Region DSB,en,Mathematics,64.0,64%,8824.0,0,Grade-6-2025-2026-Achievement-Results.zip
2025-2026,6,66109,Simcoe County DSB,en,Reading,80.0,80%,4004.0,0,Grade-6-2025-2026-Achievement-Results.zip
2025-2026,6,66109,Simcoe County DSB,en,Writing,79.0,79%,4029.0,0,Grade-6-2025-2026-Achievement-Results.zip
2025-2026,6,66109,Simcoe County DSB,en,Mathematics,46.0,46%,4021.0,0,Grade-6-2025-2026-Achievement-Results.zip
2025-2026,6,66117,Upper Grand DSB,en,Reading,89.0,89%,2291.0,0,Grade-6-2025-2026-Achievement-Results.zip
2025-2026,6,66117,Upper Grand DSB,en,Writing,88.0,88%,2295.0,0,Grade-6-2025-2026-Achievement-Results.zip
2025-2026,6,66117,Upper Grand DSB,en,Mathematics,57.0,57%,2290.0,0,Grade-6-2025-2026-Achievement-Results.zip
2025-2026,6,66125,Peel District School Board,en,Reading,85.0,85%,8879.0,0,Grade-6-2025-2026-Achievement-Results.zip
2025-2026,6,66125,Peel District School Board,en,Writing,84.0,84%,8908.0,0,Grade-6-2025-2026-Achievement-Results.zip
2025-2026,6,66125,Peel District School Board,en,Mathematics,53.0,53%,8893.0,0,Grade-6-2025-2026-Achievement-Results.zip
2025-2026,6,66133,Halton DSB,en,Reading,92.0,92%,4660.0,0,Grade-6-2025-2026-Achievement-Results.zip
2025-2026,6,66133,Halton DSB,en,Writing,92.0,92%,4667.0,0,Grade-6-2025-2026-Achievement-Results.zip
2025-2026,6,66133,Halton DSB,en,Mathematics,64.0,64%,4665.0,0,Grade-6-2025-2026-Achievement-Results.zip
2025-2026,6,66141,Hamilton-Wentworth DSB,en,Reading,79.0,79%,3432.0,0,Grade-6-2025-2026-Achievement-Results.zip
2025-2026,6,66141,Hamilton-Wentworth DSB,en,Writing,79.0,79%,3441.0,0,Grade-6-2025-2026-Achievement-Results.zip
2025-2026,6,66141,Hamilton-Wentworth DSB,en,Mathematics,38.0,38%,3428.0,0,Grade-6-2025-2026-Achievement-Results.zip
2025-2026,6,66150,DSB of Niagara,en,Reading,94.0,94%,2827.0,0,Grade-6-2025-2026-Achievement-Results.zip
2025-2026,6,66150,DSB of Niagara,en,Writing,94.0,94%,2832.0,0,Grade-6-2025-2026-Achievement-Results.zip
2025-2026,6,66150,DSB of Niagara,en,Mathematics,68.0,68%,2829.0,0,Grade-6-2025-2026-Achievement-Results.zip
2025-2026,6,66168,Grand Erie DSB,en,Reading,79.0,79%,1903.0,0,Grade-6-2025-2026-Achievement-Results.zip
2025-2026,6,66168,Grand Erie DSB,en,Writing,79.0,79%,1904.0,0,Grade-6-2025-2026-Achievement-Results.zip
2025-2026,6,66168,Grand Erie DSB,en,Mathematics,47.0,47%,1906.0,0,Grade-6-2025-2026-Achievement-Results.zip
2025-2026,6,66176,Waterloo Region DSB,en,Reading,85.0,85%,4195.0,0,Grade-6-2025-2026-Achievement-Results.zip
2025-2026,6,66176,Waterloo Region DSB,en,Writing,86.0,86%,4209.0,0,Grade-6-2025-2026-Achievement-Results.zip
2025-2026,6,66176,Waterloo Region DSB,en,Mathematics,55.0,55%,4198.0,0,Grade-6-2025-2026-Achievement-Results.zip
2025-2026,6,66184,Ottawa-Carleton DSB,en,Reading,85.0,85%,5025.0,0,Grade-6-2025-2026-Achievement-Results.zip
2025-2026,6,66184,Ottawa-Carleton DSB,en,Writing,85.0,85%,5041.0,0,Grade-6-2025-2026-Achievement-Results.zip
2025-2026,6,66184,Ottawa-Carleton DSB,en,Mathematics,51.0,51%,5028.0,0,Grade-6-2025-2026-Achievement-Results.zip
2025-2026,6,66192,Upper Canada DSB,en,Reading,84.0,84%,1845.0,0,Grade-6-2025-2026-Achievement-Results.zip
2025-2026,6,66192,Upper Canada DSB,en,Writing,85.0,85%,1848.0,0,Grade-6-2025-2026-Achievement-Results.zip
2025-2026,6,66192,Upper Canada DSB,en,Mathematics,47.0,47%,1832.0,0,Grade-6-2025-2026-Achievement-Results.zip
2025-2026,6,66206,Limestone DSB,en,Reading,86.0,86%,1293.0,0,Grade-6-2025-2026-Achievement-Results.zip
2025-2026,6,66206,Limestone DSB,en,Writing,87.0,87%,1294.0,0,Grade-6-2025-2026-Achievement-Results.zip
2025-2026,6,66206,Limestone DSB,en,Mathematics,50.0,50%,1287.0,0,Grade-6-2025-2026-Achievement-Results.zip
2025-2026,6,66214,Renfrew County DSB,en,Reading,78.0,78%,615.0,0,Grade-6-2025-2026-Achievement-Results.zip
2025-2026,6,66214,Renfrew County DSB,en,Writing,78.0,78%,615.0,0,Grade-6-2025-2026-Achievement-Results.zip
2025-2026,6,66214,Renfrew County DSB,en,Mathematics,33.0,33%,613.0,0,Grade-6-2025-2026-Achievement-Results.zip
2025-2026,6,66222,Hastings and Prince Edward DSB,en,Reading,82.0,82%,970.0,0,Grade-6-2025-2026-Achievement-Results.zip
2025-2026,6,66222,Hastings and Prince Edward DSB,en,Writing,81.0,81%,972.0,0,Grade-6-2025-2026-Achievement-Results.zip
2025-2026,6,66222,Hastings and Prince Edward DSB,en,Mathematics,45.0,45%,971.0,0,Grade-6-2025-2026-Achievement-Results.zip
2025-2026,6,66303,Conseil scolaire Viamonde,fr,Reading,94.0,94%,1094.0,0,Grade-6-2025-2026-Achievement-Results.zip
2025-2026,6,66303,Conseil scolaire Viamonde,fr,Writing,87.0,87%,1089.0,0,Grade-6-2025-2026-Achievement-Results.zip
2025-2026,6,66303,Conseil scolaire Viamonde,fr,Mathematics,79.0,79%,1093.0,0,Grade-6-2025-2026-Achievement-Results.zip
2025-2026,6,66311,Conseil des écoles publiques de l'Est de l'Ontario,fr,Reading,92.0,92%,1392.0,0,Grade-6-2025-2026-Achievement-Results.zip
2025-2026,6,66311,Conseil des écoles publiques de l'Est de l'Ontario,fr,Writing,83.0,83%,1380.0,0,Grade-6-2025-2026-Achievement-Results.zip
2025-2026,6,66311,Conseil des écoles publiques de l'Est de l'Ontario,fr,Mathematics,67.0,67%,1391.0,0,Grade-6-2025-2026-Achievement-Results.zip
2025-2026,6,67008,Bruce-Grey Catholic DSB,en,Reading,81.0,81%,375.0,0,Grade-6-2025-2026-Achievement-Results.zip
2025-2026,6,67008,Bruce-Grey Catholic DSB,en,Writing,81.0,81%,375.0,0,Grade-6-2025-2026-Achievement-Results.zip
2025-2026,6,67008,Bruce-Grey Catholic DSB,en,Mathematics,42.0,42%,375.0,0,Grade-6-2025-2026-Achievement-Results.zip
2025-2026,6,67016,Huron-Perth Catholic DSB,en,Reading,89.0,89%,330.0,0,Grade-6-2025-2026-Achievement-Results.zip
2025-2026,6,67016,Huron-Perth Catholic DSB,en,Writing,87.0,87%,330.0,0,Grade-6-2025-2026-Achievement-Results.zip
2025-2026,6,67016,Huron-Perth Catholic DSB,en,Mathematics,53.0,53%,328.0,0,Grade-6-2025-2026-Achievement-Results.zip
2025-2026,6,67024,Windsor-Essex Catholic DSB,en,Reading,92.0,92%,1448.0,0,Grade-6-2025-2026-Achievement-Results.zip
2025-2026,6,67024,Windsor-Essex Catholic DSB,en,Writing,92.0,92%,1448.0,0,Grade-6-2025-2026-Achievement-Results.zip
2025-2026,6,67024,Windsor-Essex Catholic DSB,en,Mathematics,55.0,55%,1447.0,0,Grade-6-2025-2026-Achievement-Results.zip
2025-2026,6,67032,London District Catholic School Board,en,Reading,88.0,88%,1764.0,0,Grade-6-2025-2026-Achievement-Results.zip
2025-2026,6,67032,London District Catholic School Board,en,Writing,89.0,89%,1765.0,0,Grade-6-2025-2026-Achievement-Results.zip
2025-2026,6,67032,London District Catholic School Board,en,Mathematics,54.0,54%,1763.0,0,Grade-6-2025-2026-Achievement-Results.zip
2025-2026,6,67040,St. Clair Catholic District School Board,en,Reading,86.0,86%,593.0,0,Grade-6-2025-2026-Achievement-Results.zip
2025-2026,6,67040,St. Clair Catholic District School Board,en,Writing,87.0,87%,594.0,0,Grade-6-2025-2026-Achievement-Results.zip
2025-2026,6,67040,St. Clair Catholic District School Board,en,Mathematics,50.0,50%,594.0,0,Grade-6-2025-2026-Achievement-Results.zip
2025-2026,6,67059,Toronto Catholic District School Board,en,Reading,87.0,87%,5546.0,0,Grade-6-2025-2026-Achievement-Results.zip
2025-2026,6,67059,Toronto Catholic District School Board,en,Writing,86.0,86%,5560.0,0,Grade-6-2025-2026-Achievement-Results.zip
2025-2026,6,67059,Toronto Catholic District School Board,en,Mathematics,49.0,49%,5565.0,0,Grade-6-2025-2026-Achievement-Results.zip
2025-2026,6,67067,Peterborough Victoria Northumberland and Clarington CDSB,en,Reading,84.0,84%,1084.0,0,Grade-6-2025-2026-Achievement-Results.zip
2025-2026,6,67067,Peterborough Victoria Northumberland and Clarington CDSB,en,Writing,86.0,86%,1083.0,0,Grade-6-2025-2026-Achievement-Results.zip
2025-2026,6,67067,Peterborough Victoria Northumberland and Clarington CDSB,en,Mathematics,40.0,40%,1083.0,0,Grade-6-2025-2026-Achievement-Results.zip
2025-2026,6,67075,York Catholic DSB,en,Reading,91.0,91%,3035.0,0,Grade-6-2025-2026-Achievement-Results.zip
2025-2026,6,67075,York Catholic DSB,en,Writing,91.0,91%,3038.0,0,Grade-6-2025-2026-Achievement-Results.zip
2025-2026,6,67075,York Catholic DSB,en,Mathematics,62.0,62%,3033.0,0,Grade-6-2025-2026-Achievement-Results.zip
2025-2026,6,67083,Dufferin-Peel Catholic DSB,en,Reading,88.0,88%,3903.0,0,Grade-6-2025-2026-Achievement-Results.zip
2025-2026,6,67083,Dufferin-Peel Catholic DSB,en,Writing,88.0,88%,3906.0,0,Grade-6-2025-2026-Achievement-Results.zip
2025-2026,6,67083,Dufferin-Peel Catholic DSB,en,Mathematics,51.0,51%,3898.0,0,Grade-6-2025-2026-Achievement-Results.zip
2025-2026,6,67091,Simcoe Muskoka Catholic DSB,en,Reading,83.0,83%,1682.0,0,Grade-6-2025-2026-Achievement-Results.zip
2025-2026,6,67091,Simcoe Muskoka Catholic DSB,en,Writing,82.0,82%,1689.0,0,Grade-6-2025-2026-Achievement-Results.zip
2025-2026,6,67091,Simcoe Muskoka Catholic DSB,en,Mathematics,36.0,36%,1683.0,0,Grade-6-2025-2026-Achievement-Results.zip
2025-2026,6,67105,Durham Catholic DSB,en,Reading,88.0,88%,1619.0,0,Grade-6-2025-2026-Achievement-Results.zip
2025-2026,6,67105,Durham Catholic DSB,en,Writing,86.0,86%,1623.0,0,Grade-6-2025-2026-Achievement-Results.zip
2025-2026,6,67105,Durham Catholic DSB,en,Mathematics,45.0,45%,1621.0,0,Grade-6-2025-2026-Achievement-Results.zip
2025-2026,6,67113,Halton Catholic DSB,en,Reading,90.0,90%,2256.0,0,Grade-6-2025-2026-Achievement-Results.zip
2025-2026,6,67113,Halton Catholic DSB,en,Writing,90.0,90%,2256.0,0,Grade-6-2025-2026-Achievement-Results.zip
2025-2026,6,67113,Halton Catholic DSB,en,Mathematics,59.0,59%,2252.0,0,Grade-6-2025-2026-Achievement-Results.zip
2025-2026,6,67121,Hamilton-Wentworth Catholic DSB,en,Reading,87.0,87%,1909.0,0,Grade-6-2025-2026-Achievement-Results.zip
2025-2026,6,67121,Hamilton-Wentworth Catholic DSB,en,Writing,88.0,88%,1910.0,0,Grade-6-2025-2026-Achievement-Results.zip
2025-2026,6,67121,Hamilton-Wentworth Catholic DSB,en,Mathematics,51.0,51%,1905.0,0,Grade-6-2025-2026-Achievement-Results.zip
2025-2026,6,67130,Wellington Catholic DSB,en,Reading,89.0,89%,682.0,0,Grade-6-2025-2026-Achievement-Results.zip
2025-2026,6,67130,Wellington Catholic DSB,en,Writing,88.0,88%,683.0,0,Grade-6-2025-2026-Achievement-Results.zip
2025-2026,6,67130,Wellington Catholic DSB,en,Mathematics,56.0,56%,687.0,0,Grade-6-2025-2026-Achievement-Results.zip
2025-2026,6,67148,Waterloo Catholic DSB,en,Reading,84.0,84%,1855.0,0,Grade-6-2025-2026-Achievement-Results.zip
2025-2026,6,67148,Waterloo Catholic DSB,en,Writing,84.0,84%,1854.0,0,Grade-6-2025-2026-Achievement-Results.zip
2025-2026,6,67148,Waterloo Catholic DSB,en,Mathematics,51.0,51%,1859.0,0,Grade-6-2025-2026-Achievement-Results.zip
2025-2026,6,67156,Niagara Catholic DSB,en,Reading,90.0,90%,1356.0,0,Grade-6-2025-2026-Achievement-Results.zip
2025-2026,6,67156,Niagara Catholic DSB,en,Writing,90.0,90%,1360.0,0,Grade-6-2025-2026-Achievement-Results.zip
2025-2026,6,67156,Niagara Catholic DSB,en,Mathematics,62.0,62%,1357.0,0,Grade-6-2025-2026-Achievement-Results.zip
2025-2026,6,67164,Brant Haldimand Norfolk Catholic DSB,en,Reading,89.0,89%,829.0,0,Grade-6-2025-2026-Achievement-Results.zip
2025-2026,6,67164,Brant Haldimand Norfolk Catholic DSB,en,Writing,86.0,86%,831.0,0,Grade-6-2025-2026-Achievement-Results.zip
2025-2026,6,67164,Brant Haldimand Norfolk Catholic DSB,en,Mathematics,48.0,48%,831.0,0,Grade-6-2025-2026-Achievement-Results.zip
2025-2026,6,67172,Catholic DSB of Eastern Ontario,en,Reading,86.0,86%,928.0,0,Grade-6-2025-2026-Achievement-Results.zip
2025-2026,6,67172,Catholic DSB of Eastern Ontario,en,Writing,86.0,86%,926.0,0,Grade-6-2025-2026-Achievement-Results.zip
2025-2026,6,67172,Catholic DSB of Eastern Ontario,en,Mathematics,45.0,45%,918.0,0,Grade-6-2025-2026-Achievement-Results.zip
2025-2026,6,67180,Ottawa Catholic District School Board,en,Reading,91.0,91%,3238.0,0,Grade-6-2025-2026-Achievement-Results.zip
2025-2026,6,67180,Ottawa Catholic District School Board,en,Writing,90.0,90%,3238.0,0,Grade-6-2025-2026-Achievement-Results.zip
2025-2026,6,67180,Ottawa Catholic District School Board,en,Mathematics,58.0,58%,3251.0,0,Grade-6-2025-2026-Achievement-Results.zip
2025-2026,6,67199,Renfrew County Catholic DSB,en,Reading,90.0,90%,357.0,0,Grade-6-2025-2026-Achievement-Results.zip
2025-2026,6,67199,Renfrew County Catholic DSB,en,Writing,92.0,92%,357.0,0,Grade-6-2025-2026-Achievement-Results.zip
2025-2026,6,67199,Renfrew County Catholic DSB,en,Mathematics,60.0,60%,357.0,0,Grade-6-2025-2026-Achievement-Results.zip
2025-2026,6,67202,Algonquin and Lakeshore Catholic DSB,en,Reading,85.0,85%,788.0,0,Grade-6-2025-2026-Achievement-Results.zip
2025-2026,6,67202,Algonquin and Lakeshore Catholic DSB,en,Writing,87.0,87%,787.0,0,Grade-6-2025-2026-Achievement-Results.zip
2025-2026,6,67202,Algonquin and Lakeshore Catholic DSB,en,Mathematics,39.0,39%,787.0,0,Grade-6-2025-2026-Achievement-Results.zip
2025-2026,6,67300,Conseil scolaire catholique Providence,fr,Reading,77.0,77%,736.0,0,Grade-6-2025-2026-Achievement-Results.zip
2025-2026,6,67300,Conseil scolaire catholique Providence,fr,Writing,62.0,62%,736.0,0,Grade-6-2025-2026-Achievement-Results.zip
2025-2026,6,67300,Conseil scolaire catholique Providence,fr,Mathematics,50.0,50%,737.0,0,Grade-6-2025-2026-Achievement-Results.zip
2025-2026,6,67318,Le Conseil scolaire catholique MonAvenir,fr,Reading,91.0,91%,1128.0,0,Grade-6-2025-2026-Achievement-Results.zip
2025-2026,6,67318,Le Conseil scolaire catholique MonAvenir,fr,Writing,82.0,82%,1126.0,0,Grade-6-2025-2026-Achievement-Results.zip
2025-2026,6,67318,Le Conseil scolaire catholique MonAvenir,fr,Mathematics,65.0,65%,1129.0,0,Grade-6-2025-2026-Achievement-Results.zip
2025-2026,6,67326,Le C.S.D.C. de l'Est ontarien,fr,Reading,87.0,87%,835.0,0,Grade-6-2025-2026-Achievement-Results.zip
2025-2026,6,67326,Le C.S.D.C. de l'Est ontarien,fr,Writing,80.0,80%,835.0,0,Grade-6-2025-2026-Achievement-Results.zip
2025-2026,6,67326,Le C.S.D.C. de l'Est ontarien,fr,Mathematics,61.0,61%,835.0,0,Grade-6-2025-2026-Achievement-Results.zip
2025-2026,6,67334,Conseil des écoles catholiques du Centre-Est (CECCE),fr,Reading,93.0,93%,2139.0,0,Grade-6-2025-2026-Achievement-Results.zip
2025-2026,6,67334,Conseil des écoles catholiques du Centre-Est (CECCE),fr,Writing,84.0,84%,2139.0,0,Grade-6-2025-2026-Achievement-Results.zip
2025-2026,6,67334,Conseil des écoles catholiques du Centre-Est (CECCE),fr,Mathematics,68.0,68%,2140.0,0,Grade-6-2025-2026-Achievement-Results.zip
2025-2026,6,76686,Provincial Schools,en,Reading,38.0,38%,24.0,0,Grade-6-2025-2026-Achievement-Results.zip
2025-2026,6,76686,Provincial Schools,en,Writing,33.0,33%,24.0,0,Grade-6-2025-2026-Achievement-Results.zip
2025-2026,6,76686,Provincial Schools,en,Mathematics,12.0,12%,24.0,0,Grade-6-2025-2026-Achievement-Results.zip
2025-2026,6,79910,Penetanguishene Protestant SSB,en,Reading,97.0,97%,39.0,0,Grade-6-2025-2026-Achievement-Results.zip
2025-2026,6,79910,Penetanguishene Protestant SSB,en,Writing,97.0,97%,39.0,0,Grade-6-2025-2026-Achievement-Results.zip
2025-2026,6,79910,Penetanguishene Protestant SSB,en,Mathematics,51.0,51%,39.0,0,Grade-6-2025-2026-Achievement-Results.zip
2025-2026,6,80509,Consortium Centre Jules-Léger,fr,Reading,,S. R.,,1,Grade-6-2025-2026-Achievement-Results.zip
2025-2026,6,80509,Consortium Centre Jules-Léger,fr,Writing,,S. R.,,1,Grade-6-2025-2026-Achievement-Results.zip
2025-2026,6,80509,Consortium Centre Jules-Léger,fr,Mathematics,,S. R.,,1,Grade-6-2025-2026-Achievement-Results.zip
